prefecture_jp,city_jp,prefecture,city,population,html,tag
東京都,東京都,Tokyo,Tokyo,9272740,"<img src=""Tokyo+Tokyo+japan.png"">",Tokyo
神奈川県,横浜市,Kanagawa,Yokohama,3724844,"<img src=""Yokohama+Kanagawa+japan.png"">",Kanagawa
大阪府,大阪市,Osaka,Osaka,2691185,"<img src=""Osaka+Osaka+japan.png"">",Osaka
愛知県,名古屋市,Aichi,Nagoya,2295638,"<img src=""Nagoya+Aichi+japan.png"">",Aichi
北海道,札幌市,Hokkaido,Sapporo,1952356,"<img src=""Sapporo+Hokkaido+japan.png"">",Hokkaido
福岡県,福岡市,Fukuoka,Fukuoka,1538681,"<img src=""Fukuoka+Fukuoka+japan.png"">",Fukuoka
兵庫県,神戸市,Hyogo,Kobe,1537272,"<img src=""Kobe+Hyogo+japan.png"">",Hyogo
神奈川県,川崎市,Kanagawa,Kawasaki,1475213,"<img src=""Kawasaki+Kanagawa+japan.png"">",Kanagawa
京都府,京都市,Kyoto,Kyoto,1475183,"<img src=""Kyoto+Kyoto+japan.png"">",Kyoto
埼玉県,さいたま市,Saitama,Saitama,1263979,"<img src=""Saitama+Saitama+japan.png"">",Saitama
広島県,広島市,Hiroshima,Hiroshima,1194034,"<img src=""Hiroshima+Hiroshima+japan.png"">",Hiroshima
宮城県,仙台市,Miyagi,Sendai,1082159,"<img src=""Sendai+Miyagi+japan.png"">",Miyagi
千葉県,千葉市,Chiba,Chiba,971882,"<img src=""Chiba+Chiba+japan.png"">",Chiba
福岡県,北九州市,Fukuoka,Kitakyushu,961286,"<img src=""Kitakyushu+Fukuoka+japan.png"">",Fukuoka
東京都,世田谷区,Tokyo,Setagaya,903346,"<img src=""Setagaya+Tokyo+japan.png"">",Tokyo
大阪府,堺市,Osaka,Sakai,839310,"<img src=""Sakai+Osaka+japan.png"">",Osaka
新潟県,新潟市,Niigata,Niigata,810157,"<img src=""Niigata+Niigata+japan.png"">",Niigata
静岡県,浜松市,Shizuoka,Hamamatsu,797980,"<img src=""Hamamatsu+Shizuoka+japan.png"">",Shizuoka
熊本県,熊本市,Kumamoto,Kumamoto-shi,740822,"<img src=""Kumamoto+shi+Kumamoto+japan.png"">",Kumamoto
東京都,練馬区,Tokyo,Nerima-ku,721722,"<img src=""Nerima+ku+Tokyo+japan.png"">",Tokyo
神奈川県,相模原市,Kanagawa,Sagamihara,720780,"<img src=""Sagamihara+Kanagawa+japan.png"">",Kanagawa
岡山県,岡山市,Okayama,Okayama,719474,"<img src=""Okayama+Okayama+japan.png"">",Okayama
東京都,大田区,Tokyo,Ota-ku,717082,"<img src=""Ota+ku+Tokyo+japan.png"">",Tokyo
静岡県,静岡市,Shizuoka,Shizuoka,704989,"<img src=""Shizuoka+Shizuoka+japan.png"">",Shizuoka
東京都,江戸川区,Tokyo,Edogawa-ku,681298,"<img src=""Edogawa+ku+Tokyo+japan.png"">",Tokyo
東京都,足立区,Tokyo,Adachi-ku,670122,"<img src=""Adachi+ku+Tokyo+japan.png"">",Tokyo
千葉県,船橋市,Chiba,Funabashi,622890,"<img src=""Funabashi+Chiba+japan.png"">",Chiba
鹿児島県,鹿児島市,Kagoshima,Kagoshima-shi,599814,"<img src=""Kagoshima+shi+Kagoshima+japan.png"">",Kagoshima
埼玉県,川口市,Saitama,Kawaguchi,578112,"<img src=""Kawaguchi+Saitama+japan.png"">",Saitama
東京都,八王子市,Tokyo,Hachioji,577513,"<img src=""Hachioji+Tokyo+japan.png"">",Tokyo
東京都,杉並区,Tokyo,Suginami,563997,"<img src=""Suginami+Tokyo+japan.png"">",Tokyo
東京都,板橋区,Tokyo,Itabashi ku,561916,"<img src=""Itabashi+ku+Tokyo+japan.png"">",Tokyo
兵庫県,姫路市,Hyogo,Himeji,535664,"<img src=""Himeji+Hyogo+japan.png"">",Hyogo
栃木県,宇都宮市,Tochigi,Utsunomiya,518594,"<img src=""Utsunomiya+Tochigi+japan.png"">",Tochigi
愛媛県,松山市,Ehime,Matsuyama,514865,"<img src=""Matsuyama+Ehime+japan.png"">",Ehime
大阪府,東大阪市,Osaka,Higashiosaka,502784,"<img src=""Higashiosaka+Osaka+japan.png"">",Osaka
東京都,江東区,Tokyo,Koto-ku,498109,"<img src=""Koto+ku+Tokyo+japan.png"">",Tokyo
兵庫県,西宮市,Hyogo,Nishinomiya,487850,"<img src=""Nishinomiya+Hyogo+japan.png"">",Hyogo
千葉県,松戸市,Chiba,Matsudo-shi,483480,"<img src=""Matsudo+shi+Chiba+japan.png"">",Chiba
千葉県,市川市,Chiba,Ichigawa,481732,"<img src=""Ichigawa+Chiba+japan.png"">",Chiba
大分県,大分市,Oita,Oita,478146,"<img src=""Oita+Oita+japan.png"">",Oita
岡山県,倉敷市,Okayama,Kurashiki,477118,"<img src=""Kurashiki+Okayama+japan.png"">",Okayama
石川県,金沢市,Ishikawa,Kanazawa,465699,"<img src=""Kanazawa+Ishikawa+japan.png"">",Ishikawa
広島県,福山市,Hiroshima,Fukuyama,464811,"<img src=""Fukuyama+Hiroshima+japan.png"">",Hiroshima
兵庫県,尼崎市,Hyogo,Amagasaki,452563,"<img src=""Amagasaki+Hyogo+japan.png"">",Hyogo
東京都,葛飾区,Tokyo,Katsushika,442913,"<img src=""Katsushika+Tokyo+japan.png"">",Tokyo
東京都,町田市,Tokyo,Machida-shi,432348,"<img src=""Machida+shi+Tokyo+japan.png"">",Tokyo
長崎県,長崎市,Nagasaki,Nagasaki,429508,"<img src=""Nagasaki+Nagasaki+japan.png"">",Nagasaki
神奈川県,藤沢市,Kanagawa,Fujisawa,423894,"<img src=""Fujisawa+Kanagawa+japan.png"">",Kanagawa
愛知県,豊田市,Aichi,Toyota,422542,"<img src=""Toyota+Aichi+japan.png"">",Aichi
香川県,高松市,Kagawa,Takamatsu,420748,"<img src=""Takamatsu+Kagawa+japan.png"">",Kagawa
富山県,富山市,Toyama,Toyama,418666,"<img src=""Toyama+Toyama+japan.png"">",Toyama
千葉県,柏市,Chiba,Kashiwa,413954,"<img src=""Kashiwa+Chiba+japan.png"">",Chiba
岐阜県,岐阜市,Gifu,Gifu-shi,406735,"<img src=""Gifu+shi+Gifu+japan.png"">",Gifu
神奈川県,横須賀市,Kanagawa,Yokosuka,406586,"<img src=""Yokosuka+Kanagawa+japan.png"">",Kanagawa
大阪府,枚方市,Osaka,Hirakata,404152,"<img src=""Hirakata+Osaka+japan.png"">",Osaka
宮崎県,宮崎市,Miyazaki,Miyazaki,401138,"<img src=""Miyazaki+Miyazaki+japan.png"">",Miyazaki
大阪府,豊中市,Osaka,Toyonaka,395479,"<img src=""Toyonaka+Osaka+japan.png"">",Osaka
東京都,品川区,Tokyo,Shinagawa,386855,"<img src=""Shinagawa+Tokyo+japan.png"">",Tokyo
愛知県,岡崎市,Aichi,Okazaki,381051,"<img src=""Okazaki+Aichi+japan.png"">",Aichi
愛知県,一宮市,Aichi,Ichimiya,380868,"<img src=""Ichimiya+Aichi+japan.png"">",Aichi
長野県,長野市,Nagano,Nagano,377598,"<img src=""Nagano+Nagano+japan.png"">",Nagano
愛知県,豊橋市,Aichi,Toyohashi,374765,"<img src=""Toyohashi+Aichi+japan.png"">",Aichi
大阪府,吹田市,Osaka,Suita-shi,374468,"<img src=""Suita+shi+Osaka+japan.png"">",Osaka
群馬県,高崎市,Gunma,Takasaki,370884,"<img src=""Takasaki+Gunma+japan.png"">",Gunma
和歌山県,和歌山市,Wakayama,Wakayama-shi,364154,"<img src=""Wakayama+shi+Wakayama+japan.png"">",Wakayama
奈良県,奈良市,Nara,Nara,360310,"<img src=""Nara+Nara+japan.png"">",Nara
大阪府,高槻市,Osaka,Takatsuki,351829,"<img src=""Takatsuki+Osaka+japan.png"">",Osaka
埼玉県,川越市,Saitama,Kawagoe-shi,350745,"<img src=""Kawagoe+shi+Saitama+japan.png"">",Saitama
福島県,いわき市,Fukushima,Iwaki,350237,"<img src=""Iwaki+Fukushima+japan.png"">",Fukushima
東京都,北区,Tokyo,Kita,341076,"<img src=""Kita+Tokyo+japan.png"">",Tokyo
滋賀県,大津市,Shiga,Otsu,340973,"<img src=""Otsu+Shiga+japan.png"">",Shiga
埼玉県,所沢市,Saitama,Tokorozawa,340386,"<img src=""Tokorozawa+Saitama+japan.png"">",Saitama
北海道,旭川市,Hokkaido,Asahikawa,339605,"<img src=""Asahikawa+Hokkaido+japan.png"">",Hokkaido
埼玉県,越谷市,Saitama,Koshigaya,337498,"<img src=""Koshigaya+Saitama+japan.png"">",Saitama
高知県,高知市,Kochi,Kochi,337190,"<img src=""Kochi+Kochi+japan.png"">",Kochi
群馬県,前橋市,Gunma,Maebashi,336154,"<img src=""Maebashi+Gunma+japan.png"">",Gunma
福島県,郡山市,Fukushima,Koriyama,335444,"<img src=""Koriyama+Fukushima+japan.png"">",Fukushima
東京都,新宿区,Tokyo,Shinjuku-ku,333560,"<img src=""Shinjuku+ku+Tokyo+japan.png"">",Tokyo
東京都,中野区,Tokyo,Nakano,328215,"<img src=""Nakano+Tokyo+japan.png"">",Tokyo
沖縄県,那覇市,Okinawa,Naha-shi,319435,"<img src=""Naha+shi+Okinawa+japan.png"">",Okinawa
秋田県,秋田市,Akita,Akita-shi,315814,"<img src=""Akita+shi+Akita+japan.png"">",Akita
三重県,四日市市,Mie,Yokkaichi,311031,"<img src=""Yokkaichi+Mie+japan.png"">",Mie
愛知県,春日井市,Aichi,Kasugai,306508,"<img src=""Kasugai+Aichi+japan.png"">",Aichi
福岡県,久留米市,Fukuoka,Kurume-shi,304552,"<img src=""Kurume+shi+Fukuoka+japan.png"">",Fukuoka
岩手県,盛岡市,Iwate,Morioka,297631,"<img src=""Morioka+Iwate+japan.png"">",Iwate
福島県,福島市,Fukushima,Fukushima-shi,294247,"<img src=""Fukushima+shi+Fukushima+japan.png"">",Fukushima
兵庫県,明石市,Hyogo,Akashi shi,293409,"<img src=""Akashi+shi+Hyogo+japan.png"">",Hyogo
東京都,豊島区,Tokyo,Toshima-ku,291167,"<img src=""Toshima+ku+Tokyo+japan.png"">",Tokyo
青森県,青森市,Aomori,Aomori,287648,"<img src=""Aomori+Aomori+japan.png"">",Aomori
大阪府,茨木市,Osaka,Ibaraki,280033,"<img src=""Ibaraki+Osaka+japan.png"">",Osaka
三重県,津市,Mie,Tsu,279886,"<img src=""Tsu+Mie+japan.png"">",Mie
東京都,目黒区,Tokyo,Meguro,277622,"<img src=""Meguro+Tokyo+japan.png"">",Tokyo
新潟県,長岡市,Niigata,Nagaoka,275133,"<img src=""Nagaoka+Niigata+japan.png"">",Niigata
千葉県,市原市,Chiba,Ichihara,274656,"<img src=""Ichihara+Chiba+japan.png"">",Chiba
茨城県,水戸市,Ibaraki,Mito,270783,"<img src=""Mito+Ibaraki+japan.png"">",Ibaraki
大阪府,八尾市,Osaka,Yao,268800,"<img src=""Yao+Osaka+japan.png"">",Osaka
山口県,下関市,Yamaguchi,Shimonoseki,268517,"<img src=""Shimonoseki+Yamaguchi+japan.png"">",Yamaguchi
兵庫県,加古川市,Hyogo,Kakogawa,267435,"<img src=""Kakogawa+Hyogo+japan.png"">",Hyogo
北海道,函館市,Hokkaido,Hakodate-shi,265979,"<img src=""Hakodate+shi+Hokkaido+japan.png"">",Hokkaido
福井県,福井市,Fukui,Fukui-shi,265904,"<img src=""Fukui+shi+Fukui+japan.png"">",Fukui
東京都,府中市,Tokyo,Fuchu-shi,260274,"<img src=""Fuchu+shi+Tokyo+japan.png"">",Tokyo
徳島県,徳島市,Tokushima,Tokushima,258554,"<img src=""Tokushima+Tokushima+japan.png"">",Tokushima
神奈川県,平塚市,Kanagawa,Hiratsuka,258227,"<img src=""Hiratsuka+Kanagawa+japan.png"">",Kanagawa
東京都,墨田区,Tokyo,Sumida-ku,256274,"<img src=""Sumida+ku+Tokyo+japan.png"">",Tokyo
長崎県,佐世保市,Nagasaki,Sasebo,255439,"<img src=""Sasebo+Nagasaki+japan.png"">",Nagasaki
山形県,山形市,Yamagata,Yamagata,253832,"<img src=""Yamagata+Yamagata+japan.png"">",Yamagata
静岡県,富士市,Shizuoka,Fuji,248399,"<img src=""Fuji+Shizuoka+japan.png"">",Shizuoka
埼玉県,草加市,Saitama,Soka,247034,"<img src=""Soka+Saitama+japan.png"">",Saitama
長野県,松本市,Nagano,Matsumoto,243293,"<img src=""Matsumoto+Nagano+japan.png"">",Nagano
東京都,港区,Tokyo,Minato-ku,243283,"<img src=""Minato+ku+Tokyo+japan.png"">",Tokyo
神奈川県,茅ヶ崎市,Kanagawa,Chigasaki,239348,"<img src=""Chigasaki+Kanagawa+japan.png"">",Kanagawa
大阪府,寝屋川市,Osaka,Neyagawa-shi,237518,"<img src=""Neyagawa+shi+Osaka+japan.png"">",Osaka
佐賀県,佐賀市,Saga,Saga,236372,"<img src=""Saga+Saga+japan.png"">",Saga
神奈川県,大和市,Kanagawa,Yamatoichi,232922,"<img src=""Yamatoichi+Kanagawa+japan.png"">",Kanagawa
埼玉県,春日部市,Saitama,Kasukabe,232709,"<img src=""Kasukabe+Saitama+japan.png"">",Saitama
青森県,八戸市,Aomori,Hachinohe,231257,"<img src=""Hachinohe+Aomori+japan.png"">",Aomori
東京都,調布市,Tokyo,Chofu,229061,"<img src=""Chofu+Tokyo+japan.png"">",Tokyo
広島県,呉市,Hiroshima,Kure,228522,"<img src=""Kure+Hiroshima+japan.png"">",Hiroshima
茨城県,つくば市,Ibaraki,Tsukuba,226963,"<img src=""Tsukuba+Ibaraki+japan.png"">",Ibaraki
神奈川県,厚木市,Kanagawa,Atsugi,225714,"<img src=""Atsugi+Kanagawa+japan.png"">",Kanagawa
埼玉県,上尾市,Saitama,Ageo,225196,"<img src=""Ageo+Saitama+japan.png"">",Saitama
兵庫県,宝塚市,Hyogo,Takarazuka,224903,"<img src=""Takarazuka+Hyogo+japan.png"">",Hyogo
東京都,渋谷区,Tokyo,Shibuya-ku,224533,"<img src=""Shibuya+ku+Tokyo+japan.png"">",Tokyo
群馬県,太田市,Gunma,Ota-shi,219807,"<img src=""Ota+shi+Gunma+japan.png"">",Gunma
東京都,文京区,Tokyo,Bunkyo ku,219724,"<img src=""Bunkyo+ku+Tokyo+japan.png"">",Tokyo
東京都,荒川区,Tokyo,Arakawa,212264,"<img src=""Arakawa+Tokyo+japan.png"">",Tokyo
群馬県,伊勢崎市,Gunma,Isezaki,208814,"<img src=""Isezaki+Gunma+japan.png"">",Gunma
島根県,松江市,Shimane,Matsue,206230,"<img src=""Matsue+Shimane+japan.png"">",Shimane
東京都,西東京市,Tokyo,Nishitokyo,200012,"<img src=""Nishitokyo+Tokyo+japan.png"">",Tokyo
埼玉県,熊谷市,Saitama,Kumagaya-shi,198742,"<img src=""Kumagaya+shi+Saitama+japan.png"">",Saitama
東京都,台東区,Tokyo,Taito,198073,"<img src=""Taito+Tokyo+japan.png"">",Tokyo
山口県,山口市,Yamaguchi,Yamaguchi,197422,"<img src=""Yamaguchi+Yamaguchi+japan.png"">",Yamaguchi
新潟県,上越市,Niigata,Joetsu,196987,"<img src=""Joetsu+Niigata+japan.png"">",Niigata
兵庫県,伊丹市,Hyogo,Itami-shi,196883,"<img src=""Itami+shi+Hyogo+japan.png"">",Hyogo
三重県,鈴鹿市,Mie,Suzuka,196403,"<img src=""Suzuka+Mie+japan.png"">",Mie
静岡県,沼津市,Shizuoka,Numazu,195633,"<img src=""Numazu+Shizuoka+japan.png"">",Shizuoka
大阪府,岸和田市,Osaka,Kishiwada,194086,"<img src=""Kishiwada+Osaka+japan.png"">",Osaka
神奈川県,小田原市,Kanagawa,Odawara,194086,"<img src=""Odawara+Kanagawa+japan.png"">",Kanagawa
鳥取県,鳥取市,Tottori,Tottori,193717,"<img src=""Tottori+Tottori+japan.png"">",Tottori
千葉県,八千代市,Chiba,Yachiyo,193152,"<img src=""Yachiyo+Chiba+japan.png"">",Chiba
山梨県,甲府市,Yamanashi,Kofu,193125,"<img src=""Kofu+Yamanashi+japan.png"">",Yamanashi
広島県,東広島市,Hiroshima,Higashi Hiroshima,192907,"<img src=""Higashi+Hiroshima+Hiroshima+japan.png"">",Hiroshima
東京都,小平市,Tokyo,Kodaira,190005,"<img src=""Kodaira+Tokyo+japan.png"">",Tokyo
東京都,三鷹市,Tokyo,Mitaka,186936,"<img src=""Mitaka+Tokyo+japan.png"">",Tokyo
東京都,日野市,Tokyo,Hino,186283,"<img src=""Hino+Tokyo+japan.png"">",Tokyo
大阪府,和泉市,Osaka,Izumi,186109,"<img src=""Izumi+Osaka+japan.png"">",Osaka
茨城県,日立市,Ibaraki,Hitachi,185054,"<img src=""Hitachi+Ibaraki+japan.png"">",Ibaraki
京都府,宇治市,Kyoto,Uji,184678,"<img src=""Uji+Kyoto+japan.png"">",Kyoto
愛知県,安城市,Aichi,Anjo-shi,184140,"<img src=""Anjo+shi+Aichi+japan.png"">",Aichi
愛知県,豊川市,Aichi,Toyokawa,182436,"<img src=""Toyokawa+Aichi+japan.png"">",Aichi
青森県,弘前市,Aomori,Hirosaki,177411,"<img src=""Hirosaki+Aomori+japan.png"">",Aomori
東京都,立川市,Tokyo,Tachikawa,176295,"<img src=""Tachikawa+Tokyo+japan.png"">",Tokyo
北海道,釧路市,Hokkaido,Kushiro,174742,"<img src=""Kushiro+Hokkaido+japan.png"">",Hokkaido
千葉県,流山市,Chiba,Nagareyama,174373,"<img src=""Nagareyama+Chiba+japan.png"">",Chiba
神奈川県,鎌倉市,Kanagawa,Kamakura,173019,"<img src=""Kamakura+Kanagawa+japan.png"">",Kanagawa
千葉県,佐倉市,Chiba,Sakura,172739,"<img src=""Sakura+Chiba+japan.png"">",Chiba
北海道,苫小牧市,Hokkaido,Tomakomai,172737,"<img src=""Tomakomai+Hokkaido+japan.png"">",Hokkaido
富山県,高岡市,Toyama,Takaoka,172125,"<img src=""Takaoka+Toyama+japan.png"">",Toyama
島根県,出雲市,Shimane,Izumo,171938,"<img src=""Izumo+Shimane+japan.png"">",Shimane
山口県,宇部市,Yamaguchi,Ube,169429,"<img src=""Ube+Yamaguchi+japan.png"">",Yamaguchi
北海道,帯広市,Hokkaido,Obihiro,169327,"<img src=""Obihiro+Hokkaido+japan.png"">",Hokkaido
愛知県,西尾市,Aichi,Nishio,167990,"<img src=""Nishio+Aichi+japan.png"">",Aichi
千葉県,習志野市,Chiba,Narashino-shi,167909,"<img src=""Narashino+shi+Chiba+japan.png"">",Chiba
神奈川県,秦野市,Kanagawa,Hatano,167378,"<img src=""Hatano+Kanagawa+japan.png"">",Kanagawa
静岡県,磐田市,Shizuoka,Iwata-shi,167210,"<img src=""Iwata+shi+Shizuoka+japan.png"">",Shizuoka
栃木県,小山市,Tochigi,Oyama,166760,"<img src=""Oyama+Tochigi+japan.png"">",Tochigi
宮崎県,都城市,Miyazaki,Utsukushi,165029,"<img src=""Utsukushi+Miyazaki+japan.png"">",Miyazaki
千葉県,浦安市,Chiba,Urayasu,164024,"<img src=""Urayasu+Chiba+japan.png"">",Chiba
三重県,松阪市,Mie,Matsusaka,163863,"<img src=""Matsusaka+Mie+japan.png"">",Mie
埼玉県,新座市,Saitama,Niiza,162122,"<img src=""Niiza+Saitama+japan.png"">",Saitama
岐阜県,大垣市,Gifu,Ogaki,159879,"<img src=""Ogaki+Gifu+japan.png"">",Gifu
栃木県,栃木市,Tochigi,Tochigi,159211,"<img src=""Tochigi+Tochigi+japan.png"">",Tochigi
愛媛県,今治市,Ehime,Imabari,158114,"<img src=""Imabari+Ehime+japan.png"">",Ehime
長野県,上田市,Nagano,Ueda,156827,"<img src=""Ueda+Nagano+japan.png"">",Nagano
兵庫県,川西市,Hyogo,Kawanishi,156375,"<img src=""Kawanishi+Hyogo+japan.png"">",Hyogo
茨城県,ひたちなか市,Ibaraki,Hitachinaka,155689,"<img src=""Hitachinaka+Ibaraki+japan.png"">",Ibaraki
千葉県,野田市,Chiba,Noda-shi,153583,"<img src=""Noda+shi+Chiba+japan.png"">",Chiba
埼玉県,狭山市,Saitama,Sayama,152405,"<img src=""Sayama+Saitama+japan.png"">",Saitama
埼玉県,久喜市,Saitama,Kuki,152311,"<img src=""Kuki+Saitama+japan.png"">",Saitama
東京都,東村山市,Tokyo,Higashimurayama,149956,"<img src=""Higashimurayama+Tokyo+japan.png"">",Tokyo
愛知県,刈谷市,Aichi,Kariya,149765,"<img src=""Kariya+Aichi+japan.png"">",Aichi
愛知県,小牧市,Aichi,Komaki,149462,"<img src=""Komaki+Aichi+japan.png"">",Aichi
栃木県,足利市,Tochigi,Ashikaga,149452,"<img src=""Ashikaga+Tochigi+japan.png"">",Tochigi
鳥取県,米子市,Tottori,Yonago,149313,"<img src=""Yonago+Tottori+japan.png"">",Tottori
埼玉県,入間市,Saitama,Iruma-shi,148390,"<img src=""Iruma+shi+Saitama+japan.png"">",Saitama
宮城県,石巻市,Miyagi,Ishinomaki,147214,"<img src=""Ishinomaki+Miyagi+japan.png"">",Miyagi
東京都,多摩市,Tokyo,Tama,146631,"<img src=""Tama+Tokyo+japan.png"">",Tokyo
山口県,周南市,Yamaguchi,Shunan,144842,"<img src=""Shunan+Yamaguchi+japan.png"">",Yamaguchi
東京都,武蔵野市,Tokyo,Musashino,144730,"<img src=""Musashino+Tokyo+japan.png"">",Tokyo
岐阜県,各務原市,Gifu,Kakamigahara,144690,"<img src=""Kakamigahara+Gifu+japan.png"">",Gifu
埼玉県,深谷市,Saitama,Fukaya,143811,"<img src=""Fukaya+Saitama+japan.png"">",Saitama
静岡県,藤枝市,Shizuoka,Fujieda,143605,"<img src=""Fujieda+Shizuoka+japan.png"">",Shizuoka
大阪府,守口市,Osaka,Moriguchi-shi,143042,"<img src=""Moriguchi+shi+Osaka+japan.png"">",Osaka
東京都,中央区,Tokyo,Chuo-ku,141183,"<img src=""Chuo+ku+Tokyo+japan.png"">",Tokyo
茨城県,古河市,Ibaraki,Koga-shi,140946,"<img src=""Koga+shi+Ibaraki+japan.png"">",Ibaraki
茨城県,土浦市,Ibaraki,Tsuchiura,140804,"<img src=""Tsuchiura+Ibaraki+japan.png"">",Ibaraki
三重県,桑名市,Mie,Kuwana,140303,"<img src=""Kuwana+Mie+japan.png"">",Mie
静岡県,焼津市,Shizuoka,Yaizu,139462,"<img src=""Yaizu+Shizuoka+japan.png"">",Shizuoka
沖縄県,沖縄市,Okinawa,Okinawa,139279,"<img src=""Okinawa+Okinawa+japan.png"">",Okinawa
広島県,尾道市,Hiroshima,Onomichi,138626,"<img src=""Onomichi+Hiroshima+japan.png"">",Hiroshima
長崎県,諫早市,Nagasaki,Isahaya,138078,"<img src=""Isahaya+Nagasaki+japan.png"">",Nagasaki
東京都,青梅市,Tokyo,Oume,139232,"<img src=""Oume+Tokyo+japan.png"">",Tokyo
滋賀県,草津市,Shiga,Kusatsu,137247,"<img src=""Kusatsu+Shiga+japan.png"">",Shiga
愛知県,稲沢市,Aichi,Inazawa,136867,"<img src=""Inazawa+Aichi+japan.png"">",Aichi
山口県,岩国市,Yamaguchi,Iwakuni-shi,136757,"<img src=""Iwakuni+shi+Yamaguchi+japan.png"">",Yamaguchi
埼玉県,三郷市,Saitama,Misato,136521,"<img src=""Misato+Saitama+japan.png"">",Saitama
埼玉県,朝霞市,Saitama,Asaka,136299,"<img src=""Asaka+Saitama+japan.png"">",Saitama
埼玉県,戸田市,Saitama,Toda-shi,136150,"<img src=""Toda+shi+Saitama+japan.png"">",Saitama
千葉県,木更津市,Chiba,Kisarazu,134141,"<img src=""Kisarazu+Chiba+japan.png"">",Chiba
大阪府,箕面市,Osaka,Minoh-shi,133411,"<img src=""Minoh+shi+Osaka+japan.png"">",Osaka
宮城県,大崎市,Miyagi,Osaki,133391,"<img src=""Osaki+Miyagi+japan.png"">",Miyagi
千葉県,我孫子市,Chiba,Abiko,131606,"<img src=""Abiko+Chiba+japan.png"">",Chiba
千葉県,成田市,Chiba,Narita,131190,"<img src=""Narita+Chiba+japan.png"">",Chiba
静岡県,富士宮市,Shizuoka,Fujinomiya,130770,"<img src=""Fujinomiya+Shizuoka+japan.png"">",Shizuoka
神奈川県,海老名市,Kanagawa,Ebina,130190,"<img src=""Ebina+Kanagawa+japan.png"">",Kanagawa
山形県,鶴岡市,Yamagata,Tsuruoka,129652,"<img src=""Tsuruoka+Yamagata+japan.png"">",Yamagata
福岡県,飯塚市,Fukuoka,Iizuka,129146,"<img src=""Iizuka+Fukuoka+japan.png"">",Fukuoka
愛知県,瀬戸市,Aichi,Seto,129046,"<img src=""Seto+Aichi+japan.png"">",Aichi
神奈川県,座間市,Kanagawa,Zama,128737,"<img src=""Zama+Kanagawa+japan.png"">",Kanagawa
三重県,伊勢市,Mie,Ise-shi,127817,"<img src=""Ise+shi+Mie+japan.png"">",Mie
熊本県,八代市,Kumamoto,Yatsushiro,127472,"<img src=""Yatsushiro+Kumamoto+japan.png"">",Kumamoto
鹿児島県,霧島市,Kagoshima,Kirishima-shi,125857,"<img src=""Kirishima+shi+Kagoshima+japan.png"">",Kagoshima
宮崎県,延岡市,Miyazaki,Nobeoka,125159,"<img src=""Nobeoka+Miyazaki+japan.png"">",Miyazaki
奈良県,橿原市,Nara,Kashihara,124111,"<img src=""Kashihara+Nara+japan.png"">",Nara
福島県,会津若松市,Fukushima,Aizuwakamatsu,124062,"<img src=""Aizuwakamatsu+Fukushima+japan.png"">",Fukushima
大阪府,門真市,Osaka,Kadoma-shi,123576,"<img src=""Kadoma+shi+Osaka+japan.png"">",Osaka
大阪府,大東市,Osaka,Daito,123217,"<img src=""Daito+Osaka+japan.png"">",Osaka
佐賀県,唐津市,Saga,Karatsu,122785,"<img src=""Karatsu+Saga+japan.png"">",Saga
東京都,国分寺市,Tokyo,Kokubunji,122742,"<img src=""Kokubunji+Tokyo+japan.png"">",Tokyo
大分県,別府市,Oita,Beppu,122138,"<img src=""Beppu+Oita+japan.png"">",Oita
北海道,小樽市,Hokkaido,Otaru,121924,"<img src=""Otaru+Hokkaido+japan.png"">",Hokkaido
岩手県,一関市,Iwate,Ichinoseki,121583,"<img src=""Ichinoseki+Iwate+japan.png"">",Iwate
東京都,小金井市,Tokyo,Koganei-shi,121396,"<img src=""Koganei+shi+Tokyo+japan.png"">",Tokyo
北海道,北見市,Hokkaido,Kitami,121226,"<img src=""Kitami+Hokkaido+japan.png"">",Hokkaido
大阪府,松原市,Osaka,Matsubara,120750,"<img src=""Matsubara+Osaka+japan.png"">",Osaka
北海道,江別市,Hokkaido,Ebetsu,120636,"<img src=""Ebetsu+Hokkaido+japan.png"">",Hokkaido
愛媛県,新居浜市,Ehime,Niihama-shi,119903,"<img src=""Niihama+shi+Ehime+japan.png"">",Ehime
岩手県,奥州市,Iwate,Oshu-shi,119422,"<img src=""Oshu+shi+Iwate+japan.png"">",Iwate
栃木県,佐野市,Tochigi,Sano,118919,"<img src=""Sano+Tochigi+japan.png"">",Tochigi
沖縄県,うるま市,Okinawa,Uruma,118898,"<img src=""Uruma+Okinawa+japan.png"">",Okinawa
奈良県,生駒市,Nara,Ikoma-shi,118233,"<img src=""Ikoma+shi+Nara+japan.png"">",Nara
滋賀県,長浜市,Shiga,Nagahama,118193,"<img src=""Nagahama+Shiga+japan.png"">",Shiga
埼玉県,鴻巣市,Saitama,Konosu,118072,"<img src=""Konosu+Saitama+japan.png"">",Saitama
福岡県,大牟田市,Fukuoka,Omuta,117360,"<img src=""Omuta+Fukuoka+japan.png"">",Fukuoka
栃木県,那須塩原市,Tochigi,Nasushiobara,117146,"<img src=""Nasushiobara+Tochigi+japan.png"">",Tochigi
愛知県,半田市,Aichi,Handa,116908,"<img src=""Handa+Aichi+japan.png"">",Aichi
東京都,東久留米市,Tokyo,Higokurume,116632,"<img src=""Higokurume+Tokyo+japan.png"">",Tokyo
山口県,防府市,Yamaguchi,Hofu,115942,"<img src=""Hofu+Yamaguchi+japan.png"">",Yamaguchi
広島県,廿日市市,Hiroshima,Hatsukaichi,114906,"<img src=""Hatsukaichi+Hiroshima+japan.png"">",Hiroshima
群馬県,桐生市,Gunma,Kiryu,114714,"<img src=""Kiryu+Gunma+japan.png"">",Gunma
静岡県,掛川市,Shizuoka,Kakegawa,114602,"<img src=""Kakegawa+Shizuoka+japan.png"">",Shizuoka
沖縄県,浦添市,Okinawa,Urasoe,114232,"<img src=""Urasoe+Okinawa+japan.png"">",Okinawa
滋賀県,東近江市,Shiga,Higashiomi,114180,"<img src=""Higashiomi+Shiga+japan.png"">",Shiga
大阪府,富田林市,Osaka,Tondabayashi,113984,"<img src=""Tondabayashi+Osaka+japan.png"">",Osaka
滋賀県,彦根市,Shiga,Hikone,113679,"<img src=""Hikone+Shiga+japan.png"">",Shiga
兵庫県,三田市,Hyogo,Mita,112691,"<img src=""Mita+Hyogo+japan.png"">",Hyogo
大阪府,羽曳野市,Osaka,Habikino,112683,"<img src=""Habikino+Osaka+japan.png"">",Osaka
埼玉県,加須市,Saitama,Kazo,112229,"<img src=""Kazo+Saitama+japan.png"">",Saitama
愛知県,東海市,Aichi,Tokai,111944,"<img src=""Tokai+Aichi+japan.png"">",Aichi
東京都,昭島市,Tokyo,Akishima-shi,111539,"<img src=""Akishima+shi+Tokyo+japan.png"">",Tokyo
埼玉県,ふじみ野市,Saitama,Fujimino,110970,"<img src=""Fujimino+Saitama+japan.png"">",Saitama
福岡県,春日市,Fukuoka,Kasuga,110743,"<img src=""Kasuga+Fukuoka+japan.png"">",Fukuoka
岐阜県,多治見市,Gifu,Tajimi,110441,"<img src=""Tajimi+Gifu+japan.png"">",Gifu
静岡県,三島市,Shizuoka,Mishima,110046,"<img src=""Mishima+Shizuoka+japan.png"">",Shizuoka
香川県,丸亀市,Kagawa,Marugame,110010,"<img src=""Marugame+Kagawa+japan.png"">",Kagawa
石川県,白山市,Ishikawa,Hakusan,109287,"<img src=""Hakusan+Ishikawa+japan.png"">",Ishikawa
千葉県,鎌ケ谷市,Chiba,Kamagaya-shi,108917,"<img src=""Kamagaya+shi+Chiba+japan.png"">",Chiba
愛媛県,西条市,Ehime,Saijo,108174,"<img src=""Saijo+Ehime+japan.png"">",Ehime
埼玉県,富士見市,Saitama,Fujimi,108102,"<img src=""Fujimi+Saitama+japan.png"">",Saitama
大阪府,河内長野市,Osaka,Kawachinagano-shi,106987,"<img src=""Kawachinagano+shi+Osaka+japan.png"">",Osaka
石川県,小松市,Ishikawa,Komatsu,106919,"<img src=""Komatsu+Ishikawa+japan.png"">",Ishikawa
茨城県,取手市,Ibaraki,Toride,106570,"<img src=""Toride+Ibaraki+japan.png"">",Ibaraki
山形県,酒田市,Yamagata,Sakata,106244,"<img src=""Sakata+Yamagata+japan.png"">",Yamagata
茨城県,筑西市,Ibaraki,Chikusei-shi,104573,"<img src=""Chikusei+shi+Ibaraki+japan.png"">",Ibaraki
岡山県,津山市,Okayama,Tsuyama,103746,"<img src=""Tsuyama+Okayama+japan.png"">",Okayama
鹿児島県,鹿屋市,Kagoshima,Kanoya,103608,"<img src=""Kanoya+Kagoshima+japan.png"">",Kagoshima
大阪府,池田市,Osaka,Ikeda-shi,103069,"<img src=""Ikeda+shi+Osaka+japan.png"">",Osaka
埼玉県,坂戸市,Saitama,Sakado-shi,101679,"<img src=""Sakado+shi+Saitama+japan.png"">",Saitama
長野県,飯田市,Nagano,Iida-shi,101581,"<img src=""Iida+shi+Nagano+japan.png"">",Nagano
神奈川県,伊勢原市,Kanagawa,Isehara-shi,101514,"<img src=""Isehara+shi+Kanagawa+japan.png"">",Kanagawa
福岡県,筑紫野市,Fukuoka,Chikushino,101081,"<img src=""Chikushino+Fukuoka+japan.png"">",Fukuoka
大阪府,泉佐野市,Osaka,Izumisano,100966,"<img src=""Izumisano+Osaka+japan.png"">",Osaka
福岡県,大野城市,Fukuoka,Onojo,99525,"<img src=""Onojo+Fukuoka+japan.png"">",Fukuoka
長野県,佐久市,Nagano,Saku,99368,"<img src=""Saku+Nagano+japan.png"">",Nagano
新潟県,三条市,Niigata,Sanjo,99192,"<img src=""Sanjo+Niigata+japan.png"">",Niigata
岐阜県,可児市,Gifu,Kani-shi,98695,"<img src=""Kani+shi+Gifu+japan.png"">",Gifu
新潟県,新発田市,Niigata,Shibata,98611,"<img src=""Shibata+Niigata+japan.png"">",Niigata
栃木県,鹿沼市,Tochigi,Kanuma,98374,"<img src=""Kanuma+Tochigi+japan.png"">",Tochigi
愛知県,江南市,Aichi,Gangnam-cho,98359,"<img src=""Gangnam+cho+Aichi+japan.png"">",Aichi
静岡県,島田市,Shizuoka,Shimada-shi,98112,"<img src=""Shimada+shi+Shizuoka+japan.png"">",Shizuoka
岩手県,花巻市,Iwate,Hanamaki,97702,"<img src=""Hanamaki+Iwate+japan.png"">",Iwate
福岡県,宗像市,Fukuoka,Munakata,96516,"<img src=""Munakata+Fukuoka+japan.png"">",Fukuoka
福岡県,糸島市,Fukuoka,Itoshima,96475,"<img src=""Itoshima+Fukuoka+japan.png"">",Fukuoka
沖縄県,宜野湾市,Okinawa,Ginowan,96243,"<img src=""Ginowan+Okinawa+japan.png"">",Okinawa
広島県,三原市,Hiroshima,Mihara,96194,"<img src=""Mihara+Hiroshima+japan.png"">",Hiroshima
鹿児島県,薩摩川内市,Kagoshima,Satsuma Kawauchi,96076,"<img src=""Satsuma+Kawauchi+Kagoshima+japan.png"">",Kagoshima
北海道,千歳市,Hokkaido,Chitose,95648,"<img src=""Chitose+Hokkaido+japan.png"">",Hokkaido
兵庫県,芦屋市,Hyogo,Ashiya-shi,95350,"<img src=""Ashiya+shi+Hyogo+japan.png"">",Hyogo
長野県,安曇野市,Nagano,Azumino,95282,"<img src=""Azumino+Nagano+japan.png"">",Nagano
茨城県,神栖市,Ibaraki,Kamisu,94522,"<img src=""Kamisu+Ibaraki+japan.png"">",Ibaraki
岩手県,北上市,Iwate,Kitakami,93511,"<img src=""Kitakami+Iwate+japan.png"">",Iwate
長崎県,大村市,Nagasaki,Omura,92757,"<img src=""Omura+Nagasaki+japan.png"">",Nagasaki
千葉県,印西市,Chiba,Inzai,92670,"<img src=""Inzai+Chiba+japan.png"">",Chiba
富山県,射水市,Toyama,Imizu,92308,"<img src=""Imizu+Toyama+japan.png"">",Toyama
秋田県,横手市,Akita,Yokote,92197,"<img src=""Yokote+Akita+japan.png"">",Akita
埼玉県,東松山市,Saitama,Higashimatsuyama,91437,"<img src=""Higashimatsuyama+Saitama+japan.png"">",Saitama
兵庫県,高砂市,Hyogo,Takasago,91030,"<img src=""Takasago+Hyogo+japan.png"">",Hyogo
滋賀県,甲賀市,Shiga,Koga,90901,"<img src=""Koga+Shiga+japan.png"">",Shiga
三重県,伊賀市,Mie,Iga,90581,"<img src=""Iga+Mie+japan.png"">",Mie
福井県,坂井市,Fukui,Sakai,90280,"<img src=""Sakai+Fukui+japan.png"">",Fukui
千葉県,茂原市,Chiba,Mobara,89688,"<img src=""Mobara+Chiba+japan.png"">",Chiba
京都府,亀岡市,Kyoto,Kameoka,89479,"<img src=""Kameoka+Kyoto+japan.png"">",Kyoto
千葉県,四街道市,Chiba,Yotsukaido-shi,89245,"<img src=""Yotsukaido+shi+Chiba+japan.png"">",Chiba
岐阜県,高山市,Gifu,Takayama,89182,"<img src=""Takayama+Gifu+japan.png"">",Gifu
愛知県,大府市,Aichi,Ouu-shi,89157,"<img src=""Ouu+shi+Aichi+japan.png"">",Aichi
岐阜県,関市,Gifu,Seki,89153,"<img src=""Seki+Gifu+japan.png"">",Gifu
大阪府,貝塚市,Osaka,Kaizuka,88694,"<img src=""Kaizuka+Osaka+japan.png"">",Osaka
北海道,室蘭市,Hokkaido,Muroran,88564,"<img src=""Muroran+Hokkaido+japan.png"">",Hokkaido
静岡県,御殿場市,Shizuoka,Gotemba,88078,"<img src=""Gotemba+Shizuoka+japan.png"">",Shizuoka
愛知県,日進市,Aichi,Nichin-shi,87977,"<img src=""Nichin+shi+Aichi+japan.png"">",Aichi
東京都,稲城市,Tokyo,Inagi-shi,87636,"<img src=""Inagi+shi+Tokyo+japan.png"">",Tokyo
愛媛県,四国中央市,Ehime,Shikoku,87413,"<img src=""Shikoku+Ehime+japan.png"">",Ehime
奈良県,大和郡山市,Nara,Yamatokoriyama,87050,"<img src=""Yamatokoriyama+Nara+japan.png"">",Nara
愛知県,あま市,Aichi,Asama,86898,"<img src=""Asama+Aichi+japan.png"">",Aichi
新潟県,柏崎市,Niigata,Kashiwazaki,86833,"<img src=""Kashiwazaki+Niigata+japan.png"">",Niigata
埼玉県,八潮市,Saitama,Yashio,86717,"<img src=""Yashio+Saitama+japan.png"">",Saitama
千葉県,君津市,Chiba,Kimitsu,86033,"<img src=""Kimitsu+Chiba+japan.png"">",Chiba
山形県,米沢市,Yamagata,Yonezawa,85953,"<img src=""Yonezawa+Yamagata+japan.png"">",Yamagata
静岡県,袋井市,Shizuoka,Fukuroi,85789,"<img src=""Fukuroi+Shizuoka+japan.png"">",Shizuoka
東京都,東大和市,Tokyo,Higashiyamasa,85157,"<img src=""Higashiyamasa+Tokyo+japan.png"">",Tokyo
大阪府,摂津市,Osaka,Settsu,85007,"<img src=""Settsu+Osaka+japan.png"">",Osaka
愛知県,知多市,Aichi,Chita-shi,84617,"<img src=""Chita+shi+Aichi+japan.png"">",Aichi
北海道,岩見沢市,Hokkaido,Iwamizawa-shi,84499,"<img src=""Iwamizawa+shi+Hokkaido+japan.png"">",Hokkaido
神奈川県,綾瀬市,Kanagawa,Ayase,84460,"<img src=""Ayase+Kanagawa+japan.png"">",Kanagawa
茨城県,牛久市,Ibaraki,Ushiku,84317,"<img src=""Ushiku+Ibaraki+japan.png"">",Ibaraki
愛知県,北名古屋市,Aichi,Kitanagoya,84133,"<img src=""Kitanagoya+Aichi+japan.png"">",Aichi
京都府,舞鶴市,Kyoto,Maizuru,83990,"<img src=""Maizuru+Kyoto+japan.png"">",Kyoto
大分県,中津市,Oita,Nakatsu,83965,"<img src=""Nakatsu+Oita+japan.png"">",Oita
栃木県,日光市,Tochigi,Nikko,83386,"<img src=""Nikko+Tochigi+japan.png"">",Tochigi
秋田県,大仙市,Akita,Daisen,82783,"<img src=""Daisen+Akita+japan.png"">",Akita
熊本県,天草市,Kumamoto,Amakusa,82739,"<img src=""Amakusa+Kumamoto+japan.png"">",Kumamoto
兵庫県,豊岡市,Hyogo,Toyooka,82250,"<img src=""Toyooka+Hyogo+japan.png"">",Hyogo
埼玉県,行田市,Saitama,Gyoda,82113,"<img src=""Gyoda+Saitama+japan.png"">",Saitama
宮城県,登米市,Miyagi,Tome,81959,"<img src=""Tome+Miyagi+japan.png"">",Miyagi
福井県,越前市,Fukui,Echizen,81524,"<img src=""Echizen+Fukui+japan.png"">",Fukui
滋賀県,近江八幡市,Shiga,Omihachiman,81312,"<img src=""Omihachiman+Shiga+japan.png"">",Shiga
愛知県,蒲郡市,Aichi,Gamagori-shi,81100,"<img src=""Gamagori+shi+Aichi+japan.png"">",Aichi
東京都,あきる野市,Tokyo,Akiruno,80954,"<img src=""Akiruno+Tokyo+japan.png"">",Tokyo
埼玉県,和光市,Saitama,Wako,80826,"<img src=""Wako+Saitama+japan.png"">",Saitama
愛知県,尾張旭市,Aichi,Owariasahi,80787,"<img src=""Owariasahi+Aichi+japan.png"">",Aichi
埼玉県,飯能市,Saitama,Hanno,80715,"<img src=""Hanno+Saitama+japan.png"">",Saitama
東京都,狛江市,Tokyo,Komae,80249,"<img src=""Komae+Tokyo+japan.png"">",Tokyo
京都府,長岡京市,Kyoto,Nagaokakyo,80090,"<img src=""Nagaokakyo+Kyoto+japan.png"">",Kyoto
秋田県,由利本荘市,Akita,Yurihonjo,79927,"<img src=""Yurihonjo+Akita+japan.png"">",Akita
滋賀県,守山市,Shiga,Moriyama,79859,"<img src=""Moriyama+Shiga+japan.png"">",Shiga
新潟県,燕市,Niigata,Tsubame,79784,"<img src=""Tsubame+Niigata+japan.png"">",Niigata
栃木県,真岡市,Tochigi,Moka,79539,"<img src=""Moka+Tochigi+japan.png"">",Tochigi
京都府,福知山市,Kyoto,Fukuchiyama,78935,"<img src=""Fukuchiyama+Kyoto+japan.png"">",Kyoto
岐阜県,中津川市,Gifu,Nakatsugawa,78883,"<img src=""Nakatsugawa+Gifu+japan.png"">",Gifu
三重県,名張市,Mie,Nabari,78795,"<img src=""Nabari+Mie+japan.png"">",Mie
群馬県,渋川市,Gunma,Shibukawa,78391,"<img src=""Shibukawa+Gunma+japan.png"">",Gunma
茨城県,龍ケ崎市,Ibaraki,Ryukezaki,78342,"<img src=""Ryukezaki+Ibaraki+japan.png"">",Ibaraki
埼玉県,本庄市,Saitama,Honjo,77881,"<img src=""Honjo+Saitama+japan.png"">",Saitama
奈良県,香芝市,Nara,Koshi-shi,77561,"<img src=""Koshi+shi+Nara+japan.png"">",Nara
千葉県,香取市,Chiba,Katori,77499,"<img src=""Katori+Chiba+japan.png"">",Chiba
愛媛県,宇和島市,Ehime,Uwajima,77465,"<img src=""Uwajima+Ehime+japan.png"">",Ehime
福島県,須賀川市,Fukushima,Sukagawa-shi,77441,"<img src=""Sukagawa+shi+Fukushima+japan.png"">",Fukushima
兵庫県,たつの市,Hyogo,Tatsuno,77419,"<img src=""Tatsuno+Hyogo+japan.png"">",Hyogo
兵庫県,三木市,Hyogo,Miki,77178,"<img src=""Miki+Hyogo+japan.png"">",Hyogo
京都府,城陽市,Kyoto,Joyang,76869,"<img src=""Joyang+Kyoto+japan.png"">",Kyoto
茨城県,笠間市,Ibaraki,Kasama-shi,76739,"<img src=""Kasama+shi+Ibaraki+japan.png"">",Ibaraki
宮城県,名取市,Miyagi,Natori,76668,"<img src=""Natori+Miyagi+japan.png"">",Miyagi
群馬県,館林市,Gunma,Tatebayashi,76667,"<img src=""Tatebayashi+Gunma+japan.png"">",Gunma
大阪府,交野市,Osaka,Katano,76435,"<img src=""Katano+Osaka+japan.png"">",Osaka
茨城県,石岡市,Ibaraki,Ishioka,76020,"<img src=""Ishioka+Ibaraki+japan.png"">",Ibaraki
大阪府,泉大津市,Osaka,Izumiotsu,75897,"<img src=""Izumiotsu+Osaka+japan.png"">",Osaka
栃木県,大田原市,Tochigi,Otawara,75457,"<img src=""Otawara+Tochigi+japan.png"">",Tochigi
鹿児島県,姶良市,Kagoshima,Aira,75173,"<img src=""Aira+Kagoshima+japan.png"">",Kagoshima
東京都,清瀬市,Tokyo,Kiyose,74864,"<img src=""Kiyose+Tokyo+japan.png"">",Tokyo
和歌山県,田辺市,Wakayama,Tanabe,74770,"<img src=""Tanabe+Wakayama+japan.png"">",Wakayama
山梨県,甲斐市,Yamanashi,KA-shi,74386,"<img src=""KA+shi+Yamanashi+japan.png"">",Yamanashi
愛知県,犬山市,Aichi,Inuyama,74308,"<img src=""Inuyama+Aichi+japan.png"">",Aichi
秋田県,大館市,Akita,Odate,74175,"<img src=""Odate+Akita+japan.png"">",Akita
埼玉県,桶川市,Saitama,Okagawa-shi,73936,"<img src=""Okagawa+shi+Saitama+japan.png"">",Saitama
東京都,国立市,Tokyo,Kunitachi,73655,"<img src=""Kunitachi+Tokyo+japan.png"">",Tokyo
徳島県,阿南市,Tokushima,Anan-shi,73019,"<img src=""Anan+shi+Tokushima+japan.png"">",Tokushima
佐賀県,鳥栖市,Saga,Tosu,72902,"<img src=""Tosu+Saga+japan.png"">",Saga
京都府,木津川市,Kyoto,Kizukawa-shi,72840,"<img src=""Kizukawa+shi+Kyoto+japan.png"">",Kyoto
埼玉県,志木市,Saitama,Shiki,72676,"<img src=""Shiki+Saitama+japan.png"">",Saitama
京都府,八幡市,Kyoto,Yawata,72664,"<img src=""Yawata+Kyoto+japan.png"">",Kyoto
埼玉県,蕨市,Saitama,Warabi,72260,"<img src=""Warabi+Saitama+japan.png"">",Saitama
大分県,佐伯市,Oita,Saiki,72211,"<img src=""Saiki+Oita+japan.png"">",Oita
福岡県,太宰府市,Fukuoka,Dazaifu,72168,"<img src=""Dazaifu+Fukuoka+japan.png"">",Fukuoka
愛知県,碧南市,Aichi,Hekinan,71346,"<img src=""Hekinan+Aichi+japan.png"">",Aichi
東京都,武蔵村山市,Tokyo,Musashimurayama-shi,71229,"<img src=""Musashimurayama+shi+Tokyo+japan.png"">",Tokyo
大阪府,柏原市,Osaka,Kashiwara-shi,71112,"<img src=""Kashiwara+shi+Osaka+japan.png"">",Osaka
京都府,京田辺市,Kyoto,Kyotanabe,70835,"<img src=""Kyotanabe+Kyoto+japan.png"">",Kyoto
山梨県,南アルプス市,Yamanashi,Minami-arupusu,70828,"<img src=""Minami+arupusu+Yamanashi+japan.png"">",Yamanashi
千葉県,八街市,Chiba,Yachimi-shi,70734,"<img src=""Yachimi+shi+Chiba+japan.png"">",Chiba
福岡県,行橋市,Fukuoka,Yukuhashi,70586,"<img src=""Yukuhashi+Fukuoka+japan.png"">",Fukuoka
愛知県,知立市,Aichi,Chiryu,70501,"<img src=""Chiryu+Aichi+japan.png"">",Aichi
埼玉県,鶴ヶ島市,Saitama,Tsurugashima-shi,70255,"<img src=""Tsurugashima+shi+Saitama+japan.png"">",Saitama
宮城県,栗原市,Miyagi,Kurihara,69906,"<img src=""Kurihara+Miyagi+japan.png"">",Miyagi
埼玉県,吉川市,Saitama,Yoshikawa,69738,"<img src=""Yoshikawa+Saitama+japan.png"">",Saitama
北海道,恵庭市,Hokkaido,Eniwa,69702,"<img src=""Eniwa+Hokkaido+japan.png"">",Hokkaido
山梨県,笛吹市,Yamanashi,Fuefuki,69559,"<img src=""Fuefuki+Yamanashi+japan.png"">",Yamanashi
愛知県,豊明市,Aichi,Toyoake,69127,"<img src=""Toyoake+Aichi+japan.png"">",Aichi
静岡県,伊東市,Shizuoka,Ito-shi,68345,"<img src=""Ito+shi+Shizuoka+japan.png"">",Shizuoka
福井県,鯖江市,Fukui,Sabae,68284,"<img src=""Sabae+Fukui+japan.png"">",Fukui
長野県,伊那市,Nagano,Ina-shi,68271,"<img src=""Ina+shi+Nagano+japan.png"">",Nagano
茨城県,鹿嶋市,Ibaraki,Kashima,67879,"<img src=""Kashima+Ibaraki+japan.png"">",Ibaraki
福岡県,柳川市,Fukuoka,Yanagawa-shi,67777,"<img src=""Yanagawa+shi+Fukuoka+japan.png"">",Fukuoka
埼玉県,北本市,Saitama,Kitamoto,67409,"<img src=""Kitamoto+Saitama+japan.png"">",Saitama
奈良県,天理市,Nara,Tenri shi,67398,"<img src=""Tenri+shi+Nara+japan.png"">",Nara
岐阜県,羽島市,Gifu,Hashima-shi,67377,"<img src=""Hashima+shi+Gifu+japan.png"">",Gifu
愛知県,清須市,Aichi,Kiyosu,67327,"<img src=""Kiyosu+Aichi+japan.png"">",Aichi
石川県,加賀市,Ishikawa,Kaga,67186,"<img src=""Kaga+Ishikawa+japan.png"">",Ishikawa
長野県,塩尻市,Nagano,Shiojiri,67135,"<img src=""Shiojiri+Nagano+japan.png"">",Nagano
岡山県,総社市,Okayama,Soja,66855,"<img src=""Soja+Okayama+japan.png"">",Okayama
熊本県,玉名市,Kumamoto,Tamana-shi,66782,"<img src=""Tamana+shi+Kumamoto+japan.png"">",Kumamoto
滋賀県,栗東市,Shiga,Rito,66749,"<img src=""Rito+Shiga+japan.png"">",Shiga
千葉県,旭市,Chiba,Asahi,66586,"<img src=""Asahi+Chiba+japan.png"">",Chiba
大分県,日田市,Oita,Hita,66523,"<img src=""Hita+Oita+japan.png"">",Oita
福井県,敦賀市,Fukui,Tsuruga,66165,"<img src=""Tsuruga+Fukui+japan.png"">",Fukui
群馬県,藤岡市,Gunma,Fujioka,65708,"<img src=""Fujioka+Gunma+japan.png"">",Gunma
香川県,三豊市,Kagawa,Mifune,65524,"<img src=""Mifune+Kagawa+japan.png"">",Kagawa
大阪府,藤井寺市,Osaka,Fujiiji,65438,"<img src=""Fujiiji+Osaka+japan.png"">",Osaka
宮城県,気仙沼市,Miyagi,Kesennuma,64988,"<img src=""Kesennuma+Miyagi+japan.png"">",Miyagi
奈良県,大和高田市,Nara,Yamato Takada,64817,"<img src=""Yamato+Takada+Nara+japan.png"">",Nara
茨城県,守谷市,Ibaraki,Moriya,64753,"<img src=""Moriya+Ibaraki+japan.png"">",Ibaraki
兵庫県,丹波市,Hyogo,Tamba,64660,"<img src=""Tamba+Hyogo+japan.png"">",Hyogo
千葉県,銚子市,Chiba,Choshi,64415,"<img src=""Choshi+Chiba+japan.png"">",Chiba
福岡県,八女市,Fukuoka,Yame,64408,"<img src=""Yame+Fukuoka+japan.png"">",Fukuoka
和歌山県,橋本市,Wakayama,Hashimoto,63621,"<img src=""Hashimoto+Wakayama+japan.png"">",Wakayama
埼玉県,秩父市,Saitama,Chichibu,63555,"<img src=""Chichibu+Saitama+japan.png"">",Saitama
愛知県,津島市,Aichi,Tsushima-shi,63431,"<img src=""Tsushima+shi+Aichi+japan.png"">",Aichi
青森県,十和田市,Aomori,Towada-shi,63429,"<img src=""Towada+shi+Aomori+japan.png"">",Aomori
愛知県,愛西市,Aichi,AISI-SHI,63880,"<img src=""AISI+SHI+Aichi+japan.png"">",Aichi
山口県,山陽小野田市,Yamaguchi,Sanyo Onoda-shi,62671,"<img src=""Sanyo+Onoda+shi+Yamaguchi+japan.png"">",Yamaguchi
和歌山県,紀の川市,Wakayama,Kinokawa,62616,"<img src=""Kinokawa+Wakayama+japan.png"">",Wakayama
新潟県,村上市,Niigata,Murakami,62442,"<img src=""Murakami+Niigata+japan.png"">",Niigata
大阪府,泉南市,Osaka,Sennan-shi,62438,"<img src=""Sennan+shi+Osaka+japan.png"">",Osaka
福島県,伊達市,Fukushima,Date,62400,"<img src=""Date+Fukushima+japan.png"">",Fukushima
埼玉県,蓮田市,Saitama,Hasuda-shi,62380,"<img src=""Hasuda+shi+Saitama+japan.png"">",Saitama
愛知県,田原市,Aichi,Tahara,62364,"<img src=""Tahara+Aichi+japan.png"">",Aichi
山形県,天童市,Yamagata,Tendo,62194,"<img src=""Tendo+Yamagata+japan.png"">",Yamagata
宮城県,多賀城市,Miyagi,Tagajo-shi,62096,"<img src=""Tagajo+shi+Miyagi+japan.png"">",Miyagi
福島県,白河市,Fukushima,Shirakawa,61913,"<img src=""Shirakawa+Fukushima+japan.png"">",Fukushima
愛知県,みよし市,Aichi,Miyoshi-shi,61810,"<img src=""Miyoshi+shi+Aichi+japan.png"">",Aichi
宮崎県,日向市,Miyazaki,Hyuga-shi,61761,"<img src=""Hyuga+shi+Miyazaki+japan.png"">",Miyazaki
千葉県,白井市,Chiba,Shirai,61674,"<img src=""Shirai+Chiba+japan.png"">",Chiba
沖縄県,名護市,Okinawa,Nago,61674,"<img src=""Nago+Okinawa+japan.png"">",Okinawa
茨城県,常総市,Ibaraki,Joso,61483,"<img src=""Joso+Ibaraki+japan.png"">",Ibaraki
沖縄県,豊見城市,Okinawa,Tomigusuku-shi,61119,"<img src=""Tomigusuku+shi+Okinawa+japan.png"">",Okinawa
千葉県,袖ケ浦市,Chiba,Sodegaura,60952,"<img src=""Sodegaura+Chiba+japan.png"">",Chiba
岡山県,玉野市,Okayama,Tamano-shi,60736,"<img src=""Tamano+shi+Okayama+japan.png"">",Okayama
千葉県,東金市,Chiba,Togane,60652,"<img src=""Togane+Chiba+japan.png"">",Chiba
長野県,千曲市,Nagano,Chikuma-shi,60298,"<img src=""Chikuma+shi+Nagano+japan.png"">",Nagano
静岡県,湖西市,Shizuoka,Kosai,59789,"<img src=""Kosai+Shizuoka+japan.png"">",Shizuoka
熊本県,宇城市,Kumamoto,Uki,59756,"<img src=""Uki+Kumamoto+japan.png"">",Kumamoto
栃木県,下野市,Tochigi,Shimotsu,59431,"<img src=""Shimotsu+Tochigi+japan.png"">",Tochigi
香川県,観音寺市,Kagawa,Kanonji-shi,59409,"<img src=""Kanonji+shi+Kagawa+japan.png"">",Kagawa
徳島県,鳴門市,Tokushima,Naruto,59101,"<img src=""Naruto+Tokushima+japan.png"">",Tokushima
北海道,北広島市,Hokkaido,Kitahiroshima,59064,"<img src=""Kitahiroshima+Hokkaido+japan.png"">",Hokkaido
福岡県,福津市,Fukuoka,Fukutsu,58781,"<img src=""Fukutsu+Fukuoka+japan.png"">",Fukuoka
新潟県,南魚沼市,Niigata,Minamiuonuma,58568,"<img src=""Minamiuonuma+Niigata+japan.png"">",Niigata
沖縄県,糸満市,Okinawa,Itoumi,58547,"<img src=""Itoumi+Okinawa+japan.png"">",Okinawa
群馬県,安中市,Gunma,Annaka,58531,"<img src=""Annaka+Gunma+japan.png"">",Gunma
青森県,むつ市,Aomori,Mutsu,58493,"<img src=""Mutsu+Aomori+japan.png"">",Aomori
東京都,千代田区,Tokyo,Chiyoda-ku,58406,"<img src=""Chiyoda+ku+Tokyo+japan.png"">",Tokyo
東京都,福生市,Tokyo,Fuuki,58395,"<img src=""Fuuki+Tokyo+japan.png"">",Tokyo
熊本県,合志市,Kumamoto,Koshi-shi,58370,"<img src=""Koshi+shi+Kumamoto+japan.png"">",Kumamoto
福島県,二本松市,Fukushima,Nipponmatsu,58162,"<img src=""Nipponmatsu+Fukushima+japan.png"">",Fukushima
島根県,浜田市,Shimane,Hamada-shi,58105,"<img src=""Hamada+shi+Shimane+japan.png"">",Shimane
福岡県,小郡市,Fukuoka,Ogura-city,57983,"<img src=""Ogura+city+Fukuoka+japan.png"">",Fukuoka
福岡県,古賀市,Fukuoka,Koga,57959,"<img src=""Koga+Fukuoka+japan.png"">",Fukuoka
岐阜県,土岐市,Gifu,Toki,57827,"<img src=""Toki+Gifu+japan.png"">",Gifu
福島県,南相馬市,Fukushima,Minamisoma,57797,"<img src=""Minamisoma+Fukushima+japan.png"">",Fukushima
大阪府,大阪狭山市,Osaka,Osaka Sayama,57792,"<img src=""Osaka+Sayama+Osaka+japan.png"">",Osaka
愛知県,長久手市,Aichi,Nagakute,57598,"<img src=""Nagakute+Aichi+japan.png"">",Aichi
北海道,石狩市,Hokkaido,Ishikari,57436,"<img src=""Ishikari+Hokkaido+japan.png"">",Hokkaido
神奈川県,逗子市,Kanagawa,Zushi,57425,"<img src=""Zushi+Kanagawa+japan.png"">",Kanagawa
新潟県,佐渡市,Niigata,Sado,57255,"<img src=""Sado+Niigata+japan.png"">",Niigata
奈良県,桜井市,Nara,Sakurai,57244,"<img src=""Sakurai+Nara+japan.png"">",Nara
福岡県,直方市,Fukuoka,Nagata,57146,"<img src=""Nagata+Fukuoka+japan.png"">",Fukuoka
岩手県,宮古市,Iwate,Miyako,56676,"<img src=""Miyako+Iwate+japan.png"">",Iwate
愛知県,常滑市,Aichi,Tokoname-shi,56547,"<img src=""Tokoname+shi+Aichi+japan.png"">",Aichi
大阪府,高石市,Osaka,Takaishi,56529,"<img src=""Takaishi+Osaka+japan.png"">",Osaka
埼玉県,日高市,Saitama,Hidaka,56520,"<img src=""Hidaka+Saitama+japan.png"">",Saitama
大分県,宇佐市,Oita,Usa,56258,"<img src=""Usa+Oita+japan.png"">",Oita
大阪府,四條畷市,Osaka,Shijonawate,56075,"<img src=""Shijonawate+Osaka+japan.png"">",Osaka
長野県,茅野市,Nagano,Chino,55912,"<img src=""Chino+Nagano+japan.png"">",Nagano
東京都,羽村市,Tokyo,Hamura-shi,55833,"<img src=""Hamura+shi+Tokyo+japan.png"">",Tokyo
山口県,下松市,Yamaguchi,Kudamatsu,55812,"<img src=""Kudamatsu+Yamaguchi+japan.png"">",Yamaguchi
岩手県,滝沢市,Iwate,Takizawa-shi,55463,"<img src=""Takizawa+shi+Iwate+japan.png"">",Iwate
岐阜県,美濃加茂市,Gifu,Minokamo,55384,"<img src=""Minokamo+Gifu+japan.png"">",Gifu
石川県,七尾市,Ishikawa,Nanao,55325,"<img src=""Nanao+Ishikawa+japan.png"">",Ishikawa
佐賀県,伊万里市,Saga,Imari,55238,"<img src=""Imari+Saga+japan.png"">",Saga
青森県,五所川原市,Aomori,Goshogawara,55181,"<img src=""Goshogawara+Aomori+japan.png"">",Aomori
石川県,野々市市,Ishikawa,Nonoichi,55099,"<img src=""Nonoichi+Ishikawa+japan.png"">",Ishikawa
京都府,京丹後市,Kyoto,Kyotango-shi,55054,"<img src=""Kyotango+shi+Kyoto+japan.png"">",Kyoto
新潟県,十日町市,Niigata,Tokamachi-shi,54917,"<img src=""Tokamachi+shi+Niigata+japan.png"">",Niigata
埼玉県,羽生市,Saitama,Hanyu,54874,"<img src=""Hanyu+Saitama+japan.png"">",Saitama
秋田県,能代市,Akita,Noshiro,54730,"<img src=""Noshiro+Akita+japan.png"">",Akita
岐阜県,瑞穂市,Gifu,Mizuho,54354,"<img src=""Mizuho+Gifu+japan.png"">",Gifu
滋賀県,湖南市,Shiga,Hunan,54289,"<img src=""Hunan+Shiga+japan.png"">",Shiga
茨城県,那珂市,Ibaraki,Naka,54276,"<img src=""Naka+Ibaraki+japan.png"">",Ibaraki
大阪府,阪南市,Osaka,Hannan-shi,54276,"<img src=""Hannan+shi+Osaka+japan.png"">",Osaka
宮城県,塩竈市,Miyagi,Shioga,54187,"<img src=""Shioga+Miyagi+japan.png"">",Miyagi
宮崎県,日南市,Miyazaki,Nichinan,54090,"<img src=""Nichinan+Miyazaki+japan.png"">",Miyazaki
茨城県,坂東市,Ibaraki,Bando,54087,"<img src=""Bando+Ibaraki+japan.png"">",Ibaraki
鹿児島県,出水市,Kagoshima,Izumi,53758,"<img src=""Izumi+Kagoshima+japan.png"">",Kagoshima
広島県,三次市,Hiroshima,Miyoshi,53615,"<img src=""Miyoshi+Hiroshima+japan.png"">",Hiroshima
和歌山県,岩出市,Wakayama,Iwade,53452,"<img src=""Iwade+Wakayama+japan.png"">",Wakayama
熊本県,荒尾市,Kumamoto,Arao-shi,53407,"<img src=""Arao+shi+Kumamoto+japan.png"">",Kumamoto
京都府,向日市,Kyoto,Tomaruka,53380,"<img src=""Tomaruka+Kyoto+japan.png"">",Kyoto
香川県,坂出市,Kagawa,Sakaide,53164,"<img src=""Sakaide+Kagawa+japan.png"">",Kagawa
静岡県,裾野市,Shizuoka,Susono,52737,"<img src=""Susono+Shizuoka+japan.png"">",Shizuoka
埼玉県,幸手市,Saitama,Satte,52524,"<img src=""Satte+Saitama+japan.png"">",Saitama
福岡県,朝倉市,Fukuoka,Asakura,52444,"<img src=""Asakura+Fukuoka+japan.png"">",Fukuoka
茨城県,常陸太田市,Ibaraki,Hitachiota-shi,52294,"<img src=""Hitachiota+shi+Ibaraki+japan.png"">",Ibaraki
熊本県,山鹿市,Kumamoto,Yamaga,52264,"<img src=""Yamaga+Kumamoto+japan.png"">",Kumamoto
千葉県,山武市,Chiba,Sanmu-shi,52222,"<img src=""Sanmu+shi+Chiba+japan.png"">",Chiba
和歌山県,海南市,Wakayama,Hainan,51860,"<img src=""Hainan+Wakayama+japan.png"">",Wakayama
茨城県,結城市,Ibaraki,Yuuki,51594,"<img src=""Yuuki+Ibaraki+japan.png"">",Ibaraki
宮城県,富谷市,Miyagi,Tomiya,51591,"<img src=""Tomiya+Miyagi+japan.png"">",Miyagi
埼玉県,白岡市,Saitama,Shiraoka,51535,"<img src=""Shiraoka+Saitama+japan.png"">",Saitama
新潟県,五泉市,Niigata,Gosen,51404,"<img src=""Gosen+Niigata+japan.png"">",Niigata
山口県,光市,Yamaguchi,Hikari,51369,"<img src=""Hikari+Yamaguchi+japan.png"">",Yamaguchi
富山県,南砺市,Toyama,Nanto,51327,"<img src=""Nanto+Toyama+japan.png"">",Toyama
沖縄県,宮古島市,Okinawa,Miyakojima,51186,"<img src=""Miyakojima+Okinawa+japan.png"">",Okinawa
岐阜県,恵那市,Gifu,Ena,51073,"<img src=""Ena+Gifu+japan.png"">",Gifu
茨城県,小美玉市,Ibaraki,Komiyama,50911,"<img src=""Komiyama+Ibaraki+japan.png"">",Ibaraki
群馬県,みどり市,Gunma,Midori-shi,50906,"<img src=""Midori+shi+Gunma+japan.png"">",Gunma
長野県,須坂市,Nagano,Suzaka,50725,"<img src=""Suzaka+Nagano+japan.png"">",Nagano
岡山県,笠岡市,Okayama,Kasaoka,50568,"<img src=""Kasaoka+Okayama+japan.png"">",Okayama
三重県,志摩市,Mie,Shima,50341,"<img src=""Shima+Mie+japan.png"">",Mie
香川県,さぬき市,Kagawa,Sanuki,50272,"<img src=""Sanuki+Kagawa+japan.png"">",Kagawa
三重県,亀山市,Mie,Kameyama-shi,50254,"<img src=""Kameyama+shi+Mie+japan.png"">",Mie
長野県,諏訪市,Nagano,Suwa-shi,50140,"<img src=""Suwa+shi+Nagano+japan.png"">",Nagano
長野県,岡谷市,Nagano,Okaya-shi,50128,"<img src=""Okaya+shi+Nagano+japan.png"">",Nagano
滋賀県,高島市,Shiga,Takashima,50025,"<img src=""Takashima+Shiga+japan.png"">",Shiga
滋賀県,野洲市,Shiga,Yasu,49889,"<img src=""Yasu+Shiga+japan.png"">",Shiga
群馬県,富岡市,Gunma,Tomioka,49746,"<img src=""Tomioka+Gunma+japan.png"">",Gunma
千葉県,富里市,Chiba,Tomisato,49636,"<img src=""Tomisato+Chiba+japan.png"">",Chiba
北海道,登別市,Hokkaido,Noboribetsu,49625,"<img src=""Noboribetsu+Hokkaido+japan.png"">",Hokkaido
山口県,萩市,Yamaguchi,Hagi-shi,49560,"<img src=""Hagi+shi+Yamaguchi+japan.png"">",Yamaguchi
福島県,喜多方市,Fukushima,Kitakata,49377,"<img src=""Kitakata+Fukushima+japan.png"">",Fukushima
鹿児島県,日置市,Kagoshima,Hioki,49249,"<img src=""Hioki+Kagoshima+japan.png"">",Kagoshima
千葉県,大網白里市,Chiba,Oimi Shirasato,49184,"<img src=""Oimi+Shirasato+Chiba+japan.png"">",Chiba
茨城県,つくばみらい市,Ibaraki,Tsukuba Mirai,49136,"<img src=""Tsukuba+Mirai+Ibaraki+japan.png"">",Ibaraki
佐賀県,武雄市,Saga,Takeo,49062,"<img src=""Takeo+Saga+japan.png"">",Saga
鳥取県,倉吉市,Tottori,Kurayoshi,49044,"<img src=""Kurayoshi+Tottori+japan.png"">",Tottori
山梨県,富士吉田市,Yamanashi,Fujiyoshida-shi,49003,"<img src=""Fujiyoshida+shi+Yamanashi+japan.png"">",Yamanashi
富山県,砺波市,Toyama,Tonami,49000,"<img src=""Tonami+Toyama+japan.png"">",Toyama
石川県,能美市,Ishikawa,Nomi,48881,"<img src=""Nomi+Ishikawa+japan.png"">",Ishikawa
群馬県,沼田市,Gunma,Numata,48676,"<img src=""Numata+Gunma+japan.png"">",Gunma
兵庫県,小野市,Hyogo,Ono,48580,"<img src=""Ono+Hyogo+japan.png"">",Hyogo
兵庫県,赤穂市,Hyogo,Ako,48567,"<img src=""Ako+Hyogo+japan.png"">",Hyogo
福岡県,田川市,Fukuoka,Tagawa-shi,48441,"<img src=""Tagawa+shi+Fukuoka+japan.png"">",Fukuoka
福岡県,筑後市,Fukuoka,Chikugo,48339,"<img src=""Chikugo+Fukuoka+japan.png"">",Fukuoka
熊本県,菊池市,Kumamoto,Kikuchi,48167,"<img src=""Kikuchi+Kumamoto+japan.png"">",Kumamoto
静岡県,伊豆の国市,Shizuoka,Izunokuni,48152,"<img src=""Izunokuni+Shizuoka+japan.png"">",Shizuoka
茨城県,鉾田市,Ibaraki,Hokota,48147,"<img src=""Hokota+Ibaraki+japan.png"">",Ibaraki
富山県,氷見市,Toyama,Himi-shi,47992,"<img src=""Himi+shi+Toyama+japan.png"">",Toyama
高知県,南国市,Kochi,Nankoku,47982,"<img src=""Nankoku+Kochi+japan.png"">",Kochi
山形県,東根市,Yamagata,Higashine,47768,"<img src=""Higashine+Yamagata+japan.png"">",Yamagata
島根県,益田市,Shimane,Masuda,47718,"<img src=""Masuda+Shimane+japan.png"">",Shimane
沖縄県,石垣市,Okinawa,Ishigaki,47564,"<img src=""Ishigaki+Okinawa+japan.png"">",Okinawa
愛知県,岩倉市,Aichi,Iwakura,47562,"<img src=""Iwakura+Aichi+japan.png"">",Aichi
千葉県,館山市,Chiba,Tateyama-shi,47464,"<img src=""Tateyama+shi+Chiba+japan.png"">",Chiba
愛知県,新城市,Aichi,Shinshiro,47133,"<img src=""Shinshiro+Aichi+japan.png"">",Aichi
兵庫県,南あわじ市,Hyogo,Minami-Awaji,46912,"<img src=""Minami+Awaji+Hyogo+japan.png"">",Hyogo
静岡県,菊川市,Shizuoka,Kikukawa,46763,"<img src=""Kikukawa+Shizuoka+japan.png"">",Shizuoka
秋田県,湯沢市,Akita,Yuzawa,46613,"<img src=""Yuzawa+Akita+japan.png"">",Akita
長崎県,南島原市,Nagasaki,Minamishimabara,46535,"<img src=""Minamishimabara+Nagasaki+japan.png"">",Nagasaki
北海道,北斗市,Hokkaido,Hokuto,46390,"<img src=""Hokuto+Hokkaido+japan.png"">",Hokkaido
愛知県,高浜市,Aichi,Takahama,46236,"<img src=""Takahama+Aichi+japan.png"">",Aichi
宮崎県,小林市,Miyazaki,Kobayashi,46221,"<img src=""Kobayashi+Miyazaki+japan.png"">",Miyazaki
岡山県,真庭市,Okayama,Maniwa,46124,"<img src=""Maniwa+Okayama+japan.png"">",Okayama
三重県,いなべ市,Mie,Inabe,45815,"<img src=""Inabe+Mie+japan.png"">",Mie
千葉県,富津市,Chiba,Futtsu,45601,"<img src=""Futtsu+Chiba+japan.png"">",Chiba
静岡県,牧之原市,Shizuoka,Makinohara,45547,"<img src=""Makinohara+Shizuoka+japan.png"">",Shizuoka
長崎県,島原市,Nagasaki,Shimabara,45436,"<img src=""Shimabara+Nagasaki+japan.png"">",Nagasaki
神奈川県,三浦市,Kanagawa,Miura,45289,"<img src=""Miura+Kanagawa+japan.png"">",Kanagawa
山梨県,北杜市,Yamanashi,Hokuto,45111,"<img src=""Hokuto+Yamanashi+japan.png"">",Yamanashi
栃木県,さくら市,Tochigi,Sakura,44901,"<img src=""Sakura+Tochigi+japan.png"">",Tochigi
宮城県,岩沼市,Miyagi,Iwanuma,44678,"<img src=""Iwanuma+Miyagi+japan.png"">",Miyagi
茨城県,北茨城市,Ibaraki,Kitaibaraki,44412,"<img src=""Kitaibaraki+Ibaraki+japan.png"">",Ibaraki
兵庫県,加西市,Hyogo,Kasai,44313,"<img src=""Kasai+Hyogo+japan.png"">",Hyogo
佐賀県,小城市,Saga,Ogi-shi,44259,"<img src=""Ogi+shi+Saga+japan.png"">",Saga
兵庫県,洲本市,Hyogo,Sumoto,44258,"<img src=""Sumoto+Hyogo+japan.png"">",Hyogo
新潟県,糸魚川市,Niigata,Itoigawa-shi,44162,"<img src=""Itoigawa+shi+Niigata+japan.png"">",Niigata
長崎県,雲仙市,Nagasaki,Unzen,44115,"<img src=""Unzen+Nagasaki+japan.png"">",Nagasaki
愛媛県,大洲市,Ehime,Ozu,44086,"<img src=""Ozu+Ehime+japan.png"">",Ehime
兵庫県,淡路市,Hyogo,Awaji-shi,43977,"<img src=""Awaji+shi+Hyogo+japan.png"">",Hyogo
長野県,中野市,Nagano,Nakano-shi,43909,"<img src=""Nakano+shi+Nagano+japan.png"">",Nagano
新潟県,阿賀野市,Niigata,Agano,43415,"<img src=""Agano+Niigata+japan.png"">",Niigata
神奈川県,南足柄市,Kanagawa,Minamiashigara,43306,"<img src=""Minamiashigara+Kanagawa+japan.png"">",Kanagawa
茨城県,下妻市,Ibaraki,Shimousare,43293,"<img src=""Shimousare+Ibaraki+japan.png"">",Ibaraki
愛知県,弥富市,Aichi,Yatomi,43269,"<img src=""Yatomi+Aichi+japan.png"">",Aichi
岡山県,赤磐市,Okayama,Akaiwa,43214,"<img src=""Akaiwa+Okayama+japan.png"">",Okayama
鹿児島県,奄美市,Kagoshima,Amami,43156,"<img src=""Amami+Kagoshima+japan.png"">",Kagoshima
富山県,魚津市,Toyama,Uozu,42935,"<img src=""Uozu+Toyama+japan.png"">",Toyama
茨城県,稲敷市,Ibaraki,Inagaki,42810,"<img src=""Inagaki+Ibaraki+japan.png"">",Ibaraki
茨城県,桜川市,Ibaraki,Sakuragawa-shi,42632,"<img src=""Sakuragawa+shi+Ibaraki+japan.png"">",Ibaraki
茨城県,常陸大宮市,Ibaraki,Hitoshi Omiya,42587,"<img src=""Hitoshi+Omiya+Ibaraki+japan.png"">",Ibaraki
長野県,小諸市,Nagano,Komoro,42512,"<img src=""Komoro+Nagano+japan.png"">",Nagano
茨城県,かすみがうら市,Ibaraki,Kasumigaura,42147,"<img src=""Kasumigaura+Ibaraki+japan.png"">",Ibaraki
岐阜県,郡上市,Gifu,Gujo,42090,"<img src=""Gujo+Gifu+japan.png"">",Gifu
沖縄県,南城市,Okinawa,Nanjo,42016,"<img src=""Nanjo+Okinawa+japan.png"">",Okinawa
鹿児島県,指宿市,Kagoshima,Ibusuki,41831,"<img src=""Ibusuki+Kagoshima+japan.png"">",Kagoshima
福岡県,中間市,Fukuoka,Middle market,41796,"<img src=""Middle+market+Fukuoka+japan.png"">",Fukuoka
兵庫県,篠山市,Hyogo,Shinoyama,41490,"<img src=""Shinoyama+Hyogo+japan.png"">",Hyogo
徳島県,吉野川市,Tokushima,Yoshinogawa,41466,"<img src=""Yoshinogawa+Tokushima+japan.png"">",Tokushima
岡山県,井原市,Okayama,Ibara-shi,41390,"<img src=""Ibara+shi+Okayama+japan.png"">",Okayama
山形県,寒河江市,Yamagata,Sagae,41256,"<img src=""Sagae+Yamagata+japan.png"">",Yamagata
北海道,滝川市,Hokkaido,Takikawa-shi,41192,"<img src=""Takikawa+shi+Hokkaido+japan.png"">",Hokkaido
富山県,黒部市,Toyama,Kurobe,40991,"<img src=""Kurobe+Toyama+japan.png"">",Toyama
兵庫県,西脇市,Hyogo,Nishiwaki,40866,"<img src=""Nishiwaki+Hyogo+japan.png"">",Hyogo
新潟県,見附市,Niigata,Mitsuke,40608,"<img src=""Mitsuke+Niigata+japan.png"">",Niigata
兵庫県,加東市,Hyogo,Kato-shi,40310,"<img src=""Kato+shi+Hyogo+japan.png"">",Hyogo
青森県,三沢市,Aomori,Misawa,40196,"<img src=""Misawa+Aomori+japan.png"">",Aomori
広島県,府中市,Hiroshima,Fuchu-shi,40069,"<img src=""Fuchu+shi+Hiroshima+japan.png"">",Hiroshima
島根県,安来市,Shimane,Yasugi,39528,"<img src=""Yasugi+Shimane+japan.png"">",Shimane
宮城県,東松島市,Miyagi,Higashimatsushima,39503,"<img src=""Higashimatsushima+Miyagi+japan.png"">",Miyagi
北海道,網走市,Hokkaido,Abashiri,39077,"<img src=""Abashiri+Hokkaido+japan.png"">",Hokkaido
千葉県,南房総市,Chiba,Minamiboso,39033,"<img src=""Minamiboso+Chiba+japan.png"">",Chiba
島根県,雲南市,Shimane,Yunnan,39032,"<img src=""Yunnan+Shimane+japan.png"">",Shimane
愛媛県,西予市,Ehime,Nishiichi,38919,"<img src=""Nishiichi+Ehime+japan.png"">",Ehime
徳島県,小松島市,Tokushima,Komatsushima,38755,"<img src=""Komatsushima+Tokushima+japan.png"">",Tokushima
大分県,臼杵市,Oita,Usuki,38748,"<img src=""Usuki+Oita+japan.png"">",Oita
福岡県,嘉麻市,Fukuoka,Koma,38743,"<img src=""Koma+Fukuoka+japan.png"">",Fukuoka
岐阜県,瑞浪市,Gifu,Mizunami,38730,"<img src=""Mizunami+Gifu+japan.png"">",Gifu
滋賀県,米原市,Shiga,Mihara,38719,"<img src=""Mihara+Shiga+japan.png"">",Shiga
千葉県,いすみ市,Chiba,Isumi,38594,"<img src=""Isumi+Chiba+japan.png"">",Chiba
福島県,相馬市,Fukushima,Soma,38556,"<img src=""Soma+Fukushima+japan.png"">",Fukushima
福島県,田村市,Fukushima,Tamura,38503,"<img src=""Tamura+Fukushima+japan.png"">",Fukushima
福岡県,みやま市,Fukuoka,Miyama,38139,"<img src=""Miyama+Fukuoka+japan.png"">",Fukuoka
岩手県,大船渡市,Iwate,Ofunato,38058,"<img src=""Ofunato+Iwate+japan.png"">",Iwate
兵庫県,宍粟市,Hyogo,Shiso,37773,"<img src=""Shiso+Hyogo+japan.png"">",Hyogo
静岡県,熱海市,Shizuoka,Atami,37544,"<img src=""Atami+Shizuoka+japan.png"">",Shizuoka
新潟県,魚沼市,Niigata,Uonuma,37352,"<img src=""Uonuma+Niigata+japan.png"">",Niigata
長崎県,五島市,Nagasaki,Goto,37327,"<img src=""Goto+Nagasaki+japan.png"">",Nagasaki
千葉県,匝瑳市,Chiba,Sosa,37261,"<img src=""Sosa+Chiba+japan.png"">",Chiba
徳島県,阿波市,Tokushima,Awa-shi,37202,"<img src=""Awa+shi+Tokushima+japan.png"">",Tokushima
熊本県,宇土市,Kumamoto,Uto,37026,"<img src=""Uto+Kumamoto+japan.png"">",Kumamoto
広島県,庄原市,Hiroshima,Shobara-shi,37000,"<img src=""Shobara+shi+Hiroshima+japan.png"">",Hiroshima
岡山県,瀬戸内市,Okayama,Setouchi,36975,"<img src=""Setouchi+Okayama+japan.png"">",Okayama
山形県,新庄市,Yamagata,Shinjo,36894,"<img src=""Shinjo+Yamagata+japan.png"">",Yamagata
愛媛県,伊予市,Ehime,Iyo-shi,36827,"<img src=""Iyo+shi+Ehime+japan.png"">",Ehime
岩手県,釜石市,Iwate,Kamaishi,36802,"<img src=""Kamaishi+Iwate+japan.png"">",Iwate
奈良県,葛城市,Nara,Katsuragi-shi,36635,"<img src=""Katsuragi+shi+Nara+japan.png"">",Nara
大分県,豊後大野市,Oita,Bungoono,36584,"<img src=""Bungoono+Oita+japan.png"">",Oita
鹿児島県,曽於市,Kagoshima,Soo,36557,"<img src=""Soo+Kagoshima+japan.png"">",Kagoshima
新潟県,小千谷市,Niigata,Ojiya,36498,"<img src=""Ojiya+Niigata+japan.png"">",Niigata
北海道,稚内市,Hokkaido,Wakkanai,36380,"<img src=""Wakkanai+Hokkaido+japan.png"">",Hokkaido
鹿児島県,南九州市,Kagoshima,Minami Kyushu,36352,"<img src=""Minami+Kyushu+Kagoshima+japan.png"">",Kagoshima
岩手県,久慈市,Iwate,Kuji,35642,"<img src=""Kuji+Iwate+japan.png"">",Iwate
山口県,長門市,Yamaguchi,Nagato,35439,"<img src=""Nagato+Yamaguchi+japan.png"">",Yamaguchi
鹿児島県,南さつま市,Kagoshima,Minami Satsuma,35439,"<img src=""Minami+Satsuma+Kagoshima+japan.png"">",Kagoshima
宮城県,白石市,Miyagi,Shiroishi,35272,"<img src=""Shiroishi+Miyagi+japan.png"">",Miyagi
岐阜県,海津市,Gifu,Kaizu,35206,"<img src=""Kaizu+Gifu+japan.png"">",Gifu
岡山県,備前市,Okayama,Bizen,35179,"<img src=""Bizen+Okayama+japan.png"">",Okayama
島根県,大田市,Shimane,Ota-shi,35166,"<img src=""Ota+shi+Shimane+japan.png"">",Shimane
山梨県,山梨市,Yamanashi,Yamanashi,35141,"<img src=""Yamanashi+Yamanashi+japan.png"">",Yamanashi
北海道,伊達市,Hokkaido,Date,34995,"<img src=""Date+Hokkaido+japan.png"">",Hokkaido
愛媛県,八幡浜市,Ehime,Yawatahama,34951,"<img src=""Yawatahama+Ehime+japan.png"">",Ehime
茨城県,行方市,Ibaraki,Megao,34909,"<img src=""Megao+Ibaraki+japan.png"">",Ibaraki
福岡県,大川市,Fukuoka,Okawa-shi,34838,"<img src=""Okawa+shi+Fukuoka+japan.png"">",Fukuoka
愛媛県,東温市,Ehime,Tozen,34613,"<img src=""Tozen+Ehime+japan.png"">",Ehime
高知県,四万十市,Kochi,Shimanto,34313,"<img src=""Shimanto+Kochi+japan.png"">",Kochi
青森県,黒石市,Aomori,Kuroishi,34284,"<img src=""Kuroishi+Aomori+japan.png"">",Aomori
大分県,由布市,Oita,Yufu,34262,"<img src=""Yufu+Oita+japan.png"">",Oita
岡山県,浅口市,Okayama,Asakuchi,34235,"<img src=""Asakuchi+Okayama+japan.png"">",Okayama
石川県,かほく市,Ishikawa,Kahoku,34219,"<img src=""Kahoku+Ishikawa+japan.png"">",Ishikawa
鳥取県,境港市,Tottori,Sakaiminato,34174,"<img src=""Sakaiminato+Tottori+japan.png"">",Tottori
岐阜県,本巣市,Gifu,Motosu,33995,"<img src=""Motosu+Gifu+japan.png"">",Gifu
千葉県,鴨川市,Chiba,Kamogawa,33932,"<img src=""Kamogawa+Chiba+japan.png"">",Chiba
熊本県,人吉市,Kumamoto,Hitoyoshi,33880,"<img src=""Hitoyoshi+Kumamoto+japan.png"">",Kumamoto
京都府,綾部市,Kyoto,Ayabe,33821,"<img src=""Ayabe+Kyoto+japan.png"">",Kyoto
岐阜県,下呂市,Gifu,Gero,33585,"<img src=""Gero+Gifu+japan.png"">",Gifu
栃木県,矢板市,Tochigi,Yaita,33354,"<img src=""Yaita+Tochigi+japan.png"">",Tochigi
青森県,つがる市,Aomori,Tsugaru,33316,"<img src=""Tsugaru+Aomori+japan.png"">",Aomori
秋田県,北秋田市,Akita,Hokuto Akita,33224,"<img src=""Hokuto+Akita+Akita+japan.png"">",Akita
新潟県,妙高市,Niigata,Myoko,33199,"<img src=""Myoko+Niigata+japan.png"">",Niigata
京都府,南丹市,Kyoto,Nantan,33145,"<img src=""Nantan+Kyoto+japan.png"">",Kyoto
福井県,大野市,Fukui,Oono,33109,"<img src=""Oono+Fukui+japan.png"">",Fukui
秋田県,潟上市,Akita,Katagami,33083,"<img src=""Katagami+Akita+japan.png"">",Akita
高知県,香南市,Kochi,Konan,32961,"<img src=""Konan+Kochi+japan.png"">",Kochi
山口県,柳井市,Yamaguchi,Yanai,32945,"<img src=""Yanai+Yamaguchi+japan.png"">",Yamaguchi
香川県,善通寺市,Kagawa,Zentsuji,32927,"<img src=""Zentsuji+Kagawa+japan.png"">",Kagawa
長野県,駒ヶ根市,Nagano,Komagane-shi,32759,"<img src=""Komagane+shi+Nagano+japan.png"">",Nagano
富山県,滑川市,Toyama,Namerikawa,32755,"<img src=""Namerikawa+Toyama+japan.png"">",Toyama
静岡県,御前崎市,Shizuoka,Omaezaki,32578,"<img src=""Omaezaki+Shizuoka+japan.png"">",Shizuoka
山形県,南陽市,Yamagata,Nanyo,32285,"<img src=""Nanyo+Yamagata+japan.png"">",Yamagata
青森県,平川市,Aomori,Hirakawa,32106,"<img src=""Hirakawa+Aomori+japan.png"">",Aomori
岡山県,高梁市,Okayama,Takahashi,32075,"<img src=""Takahashi+Okayama+japan.png"">",Okayama
秋田県,鹿角市,Akita,Kazuno,32038,"<img src=""Kazuno+Akita+japan.png"">",Akita
山梨県,都留市,Yamanashi,Tsuru,32002,"<img src=""Tsuru+Yamanashi+japan.png"">",Yamanashi
長崎県,平戸市,Nagasaki,Hirado,31920,"<img src=""Hirado+Nagasaki+japan.png"">",Nagasaki
佐賀県,神埼市,Saga,Kanzaki,31842,"<img src=""Kanzaki+Saga+japan.png"">",Saga
山梨県,甲州市,Yamanashi,Koshu,31671,"<img src=""Koshu+Yamanashi+japan.png"">",Yamanashi
山形県,上山市,Yamagata,Kamiyama,31569,"<img src=""Kamiyama+Yamagata+japan.png"">",Yamagata
鹿児島県,志布志市,Kagoshima,Shibushi,31479,"<img src=""Shibushi+Kagoshima+japan.png"">",Kagoshima
長崎県,対馬市,Nagasaki,Tsushima,31457,"<img src=""Tsushima+Nagasaki+japan.png"">",Nagasaki
静岡県,伊豆市,Shizuoka,Izu-shi,31317,"<img src=""Izu+shi+Shizuoka+japan.png"">",Shizuoka
山梨県,中央市,Yamanashi,Central,31124,"<img src=""Central+Yamanashi+japan.png"">",Yamanashi
奈良県,宇陀市,Nara,Uba,31105,"<img src=""Uba+Nara+japan.png"">",Nara
香川県,東かがわ市,Kagawa,Higashikagawa,31311,"<img src=""Higashikagawa+Kagawa+japan.png"">",Kagawa
奈良県,五條市,Nara,Gogo,30997,"<img src=""Gogo+Nara+japan.png"">",Nara
福島県,本宮市,Fukushima,Honma,30924,"<img src=""Honma+Fukushima+japan.png"">",Fukushima
兵庫県,朝来市,Hyogo,Asago,30805,"<img src=""Asago+Hyogo+japan.png"">",Hyogo
宮崎県,西都市,Miyazaki,Saito,30683,"<img src=""Saito+Miyazaki+japan.png"">",Miyazaki
山梨県,韮崎市,Yamanashi,Nirasaki,30680,"<img src=""Nirasaki+Yamanashi+japan.png"">",Yamanashi
岡山県,新見市,Okayama,Niimi,30658,"<img src=""Niimi+Okayama+japan.png"">",Okayama
徳島県,美馬市,Tokushima,Mima-shi,30501,"<img src=""Mima+shi+Tokushima+japan.png"">",Tokushima
富山県,小矢部市,Toyama,Oyabe-shi,30399,"<img src=""Oyabe+shi+Toyama+japan.png"">",Toyama
新潟県,胎内市,Niigata,Wessai,30198,"<img src=""Wessai+Niigata+japan.png"">",Niigata
大分県,杵築市,Oita,Kitsuki-shi,30185,"<img src=""Kitsuki+shi+Oita+japan.png"">",Oita
宮城県,角田市,Miyagi,Kakuda,30180,"<img src=""Kakuda+Miyagi+japan.png"">",Miyagi
兵庫県,相生市,Hyogo,Aioi,30129,"<img src=""Aioi+Hyogo+japan.png"">",Hyogo
長野県,東御市,Nagano,Tōgi,30107,"<img src=""Tōgi+Nagano+japan.png"">",Nagano
佐賀県,鹿島市,Saga,Kashima-shi,29684,"<img src=""Kashima+shi+Saga+japan.png"">",Saga
福井県,小浜市,Fukui,Obama,29670,"<img src=""Obama+Fukui+japan.png"">",Fukui
茨城県,高萩市,Ibaraki,Takahagi,29638,"<img src=""Takahagi+Ibaraki+japan.png"">",Ibaraki
福岡県,うきは市,Fukuoka,Ukiha-shi,29509,"<img src=""Ukiha+shi+Fukuoka+japan.png"">",Fukuoka
広島県,安芸高田市,Hiroshima,Aki Takada,29488,"<img src=""Aki+Takada+Hiroshima+japan.png"">",Hiroshima
和歌山県,新宮市,Wakayama,Shingu,29331,"<img src=""Shingu+Wakayama+japan.png"">",Wakayama
鹿児島県,いちき串木野市,Kagoshima,Ichikikushikino-shi,29282,"<img src=""Ichikikushikino+shi+Kagoshima+japan.png"">",Kagoshima
茨城県,潮来市,Ibaraki,Itako-shi,29111,"<img src=""Itako+shi+Ibaraki+japan.png"">",Ibaraki
北海道,名寄市,Hokkaido,Nayoro,29048,"<img src=""Nayoro+Hokkaido+japan.png"">",Hokkaido
福井県,あわら市,Fukui,Awara-shi,28729,"<img src=""Awara+shi+Fukui+japan.png"">",Fukui
長崎県,西海市,Nagasaki,Saikai,28691,"<img src=""Saikai+Nagasaki+japan.png"">",Nagasaki
大分県,国東市,Oita,Kunisaki,28647,"<img src=""Kunisaki+Oita+japan.png"">",Oita
和歌山県,有田市,Wakayama,Arita-shi,28470,"<img src=""Arita+shi+Wakayama+japan.png"">",Wakayama
秋田県,男鹿市,Akita,Oga-shi,28375,"<img src=""Oga+shi+Akita+japan.png"">",Akita
福岡県,宮若市,Fukuoka,Miyawakaichi,28112,"<img src=""Miyawakaichi+Fukuoka+japan.png"">",Fukuoka
岩手県,遠野市,Iwate,Tono-shi,28062,"<img src=""Tono+shi+Iwate+japan.png"">",Iwate
長野県,大町市,Nagano,Omachi,28041,"<img src=""Omachi+Nagano+japan.png"">",Nagano
岡山県,美作市,Okayama,Mimasaka,27977,"<img src=""Mimasaka+Okayama+japan.png"">",Okayama
広島県,大竹市,Hiroshima,Ootake,27865,"<img src=""Ootake+Hiroshima+japan.png"">",Hiroshima
新潟県,加茂市,Niigata,Kamo shi,27852,"<img src=""Kamo+shi+Niigata+japan.png"">",Niigata
山形県,長井市,Yamagata,Nagai-shi,27757,"<img src=""Nagai+shi+Yamagata+japan.png"">",Yamagata
岩手県,二戸市,Iwate,Ninohe,27611,"<img src=""Ninohe+Iwate+japan.png"">",Iwate
秋田県,仙北市,Akita,Semboku,27523,"<img src=""Semboku+Akita+japan.png"">",Akita
高知県,香美市,Kochi,Kami-shi,27513,"<img src=""Kami+shi+Kochi+japan.png"">",Kochi
佐賀県,嬉野市,Saga,Ureshino,27366,"<img src=""Ureshino+Saga+japan.png"">",Saga
石川県,輪島市,Ishikawa,Wajima,27216,"<img src=""Wajima+Ishikawa+japan.png"">",Ishikawa
岐阜県,山県市,Gifu,Yamagata,27114,"<img src=""Yamagata+Gifu+japan.png"">",Gifu
長崎県,壱岐市,Nagasaki,Iki,27103,"<img src=""Iki+Nagasaki+japan.png"">",Nagasaki
栃木県,那須烏山市,Tochigi,Nasu Osan-shi,27047,"<img src=""Nasu+Osan+shi+Tochigi+japan.png"">",Tochigi
高知県,土佐市,Kochi,Tosa-shi,27038,"<img src=""Tosa+shi+Kochi+japan.png"">",Kochi
熊本県,阿蘇市,Kumamoto,Aso,27018,"<img src=""Aso+Kumamoto+japan.png"">",Kumamoto
熊本県,上天草市,Kumamoto,Uesakusa,27006,"<img src=""Uesakusa+Kumamoto+japan.png"">",Kumamoto
北海道,根室市,Hokkaido,Nemuro-shi,26917,"<img src=""Nemuro+shi+Hokkaido+japan.png"">",Hokkaido
奈良県,御所市,Nara,Gosho-shi,26868,"<img src=""Gosho+shi+Nara+japan.png"">",Nara
徳島県,三好市,Tokushima,Miyoshi,26836,"<img src=""Miyoshi+Tokushima+japan.png"">",Tokushima
鹿児島県,伊佐市,Kagoshima,Isa-shi,26810,"<img src=""Isa+shi+Kagoshima+japan.png"">",Kagoshima
広島県,竹原市,Hiroshima,Takehara,26426,"<img src=""Takehara+Hiroshima+japan.png"">",Hiroshima
岩手県,八幡平市,Iwate,Hachimantairi,26355,"<img src=""Hachimantairi+Iwate+japan.png"">",Iwate
山口県,美祢市,Yamaguchi,Misaki,26159,"<img src=""Misaki+Yamaguchi+japan.png"">",Yamaguchi
福岡県,豊前市,Fukuoka,Buzen,25940,"<img src=""Buzen+Fukuoka+japan.png"">",Fukuoka
山梨県,大月市,Yamanashi,Otsuki,25419,"<img src=""Otsuki+Yamanashi+japan.png"">",Yamanashi
熊本県,水俣市,Kumamoto,Minamata,25411,"<img src=""Minamata+Kumamoto+japan.png"">",Kumamoto
秋田県,にかほ市,Akita,Nakaho-shi,25324,"<img src=""Nakaho+shi+Akita+japan.png"">",Akita
山梨県,上野原市,Yamanashi,Uenohara-shi,24805,"<img src=""Uenohara+shi+Yamanashi+japan.png"">",Yamanashi
和歌山県,御坊市,Wakayama,Gobo,24801,"<img src=""Gobo+Wakayama+japan.png"">",Wakayama
岐阜県,飛騨市,Gifu,Hida,24696,"<img src=""Hida+Gifu+japan.png"">",Gifu
山形県,村山市,Yamagata,Murayama,24684,"<img src=""Murayama+Yamagata+japan.png"">",Yamagata
島根県,江津市,Shimane,Gotsu,24468,"<img src=""Gotsu+Shimane+japan.png"">",Shimane
広島県,江田島市,Hiroshima,Etajima,24339,"<img src=""Etajima+Hiroshima+japan.png"">",Hiroshima
兵庫県,養父市,Hyogo,Yabu,24288,"<img src=""Yabu+Hyogo+japan.png"">",Hyogo
福井県,勝山市,Fukui,Katsuyama,24125,"<img src=""Katsuyama+Fukui+japan.png"">",Fukui
長崎県,松浦市,Nagasaki,Matsuura,23309,"<img src=""Matsuura+Nagasaki+japan.png"">",Nagasaki
北海道,紋別市,Hokkaido,Monbetsu,23109,"<img src=""Monbetsu+Hokkaido+japan.png"">",Hokkaido
北海道,美唄市,Hokkaido,Bibai,23035,"<img src=""Bibai+Hokkaido+japan.png"">",Hokkaido
北海道,富良野市,Hokkaido,Furano,22936,"<img src=""Furano+Hokkaido+japan.png"">",Hokkaido
静岡県,下田市,Shizuoka,Shimoda,22916,"<img src=""Shimoda+Shizuoka+japan.png"">",Shizuoka
大分県,豊後高田市,Oita,Bungotakada,22853,"<img src=""Bungotakada+Oita+japan.png"">",Oita
高知県,須崎市,Kochi,Susaki,22606,"<img src=""Susaki+Kochi+japan.png"">",Kochi
大分県,竹田市,Oita,Takeda-shi,22332,"<img src=""Takeda+shi+Oita+japan.png"">",Oita
北海道,留萌市,Hokkaido,Rumoi,22221,"<img src=""Rumoi+Hokkaido+japan.png"">",Hokkaido
鹿児島県,枕崎市,Kagoshima,Makurazaki,22046,"<img src=""Makurazaki+Kagoshima+japan.png"">",Kagoshima
北海道,深川市,Hokkaido,Shenzhen,21909,"<img src=""Shenzhen+Hokkaido+japan.png"">",Hokkaido
石川県,羽咋市,Ishikawa,Hakui,21729,"<img src=""Hakui+Ishikawa+japan.png"">",Ishikawa
長野県,飯山市,Nagano,Iiyama-shi,21438,"<img src=""Iiyama+shi+Nagano+japan.png"">",Nagano
鹿児島県,阿久根市,Kagoshima,Akune,21198,"<img src=""Akune+Kagoshima+japan.png"">",Kagoshima
高知県,宿毛市,Kochi,Sukumo,20907,"<img src=""Sukumo+Kochi+japan.png"">",Kochi
岐阜県,美濃市,Gifu,Mino,20760,"<img src=""Mino+Gifu+japan.png"">",Gifu
北海道,士別市,Hokkaido,Sobetsu-shi,19914,"<img src=""Sobetsu+shi+Hokkaido+japan.png"">",Hokkaido
岩手県,陸前高田市,Iwate,Rikuzentakata,19758,"<img src=""Rikuzentakata+Iwate+japan.png"">",Iwate
佐賀県,多久市,Saga,Taku,19749,"<img src=""Taku+Saga+japan.png"">",Saga
宮崎県,えびの市,Miyazaki,Ebino,19538,"<img src=""Ebino+Miyazaki+japan.png"">",Miyazaki
三重県,鳥羽市,Mie,Toba,19448,"<img src=""Toba+Mie+japan.png"">",Mie
千葉県,勝浦市,Chiba,Katsuura,19248,"<img src=""Katsuura+Chiba+japan.png"">",Chiba
宮崎県,串間市,Miyazaki,Kushima-shi,18779,"<img src=""Kushima+shi+Miyazaki+japan.png"">",Miyazaki
京都府,宮津市,Kyoto,Miyazu,18426,"<img src=""Miyazu+Kyoto+japan.png"">",Kyoto
三重県,尾鷲市,Mie,Owase,18009,"<img src=""Owase+Mie+japan.png"">",Mie
大分県,津久見市,Oita,Tsukumi,17969,"<img src=""Tsukumi+Oita+japan.png"">",Oita
北海道,砂川市,Hokkaido,Sunagawa-shi,17694,"<img src=""Sunagawa+shi+Hokkaido+japan.png"">",Hokkaido
高知県,安芸市,Kochi,Aki-shi,17577,"<img src=""Aki+shi+Kochi+japan.png"">",Kochi
三重県,熊野市,Mie,Kumano-shi,17322,"<img src=""Kumano+shi+Mie+japan.png"">",Mie
山形県,尾花沢市,Yamagata,Ozawaza,16953,"<img src=""Ozawaza+Yamagata+japan.png"">",Yamagata
鹿児島県,西之表市,Kagoshima,Nishinooma,15967,"<img src=""Nishinooma+Kagoshima+japan.png"">",Kagoshima
鹿児島県,垂水市,Kagoshima,Tarumi,15520,"<img src=""Tarumi+Kagoshima+japan.png"">",Kagoshima
北海道,芦別市,Hokkaido,Ashibetsu,14676,"<img src=""Ashibetsu+Hokkaido+japan.png"">",Hokkaido
石川県,珠洲市,Ishikawa,Suzu,14625,"<img src=""Suzu+Ishikawa+japan.png"">",Ishikawa
高知県,土佐清水市,Kochi,Tosashimizu,13778,"<img src=""Tosashimizu+Kochi+japan.png"">",Kochi
高知県,室戸市,Kochi,Muroto,13524,"<img src=""Muroto+Kochi+japan.png"">",Kochi
北海道,赤平市,Hokkaido,Akabane,11105,"<img src=""Akabane+Hokkaido+japan.png"">",Hokkaido
北海道,三笠市,Hokkaido,Mikasa,9076,"<img src=""Mikasa+Hokkaido+japan.png"">",Hokkaido
北海道,夕張市,Hokkaido,Yubari,8843,"<img src=""Yubari+Hokkaido+japan.png"">",Hokkaido
北海道,歌志内市,Hokkaido,Utashinaichi,3583,"<img src=""Utashinaichi+Hokkaido+japan.png"">",Hokkaido
