prefecture_jp,city_jp,prefecture,city,population
東京都,東京都,Tokyo,Tokyo,9272740
神奈川県,横浜市,Kanagawa ,Yokohama,3724844
大阪府,大阪市,Osaka ,Osaka,2691185
愛知県,名古屋市,Aichi,Nagoya,2295638
北海道,札幌市,Hokkaido,Sapporo,1952356
福岡県,福岡市,Fukuoka ,Fukuoka,1538681
兵庫県,神戸市,Hyogo ,Kobe,1537272
神奈川県,川崎市,Kanagawa ,Kawasaki,1475213
京都府,京都市,Kyoto,Kyoto,1475183
埼玉県,さいたま市,Saitama,Saitama,1263979
広島県,広島市,Hiroshima,Hiroshima,1194034
宮城県,仙台市,Miyagi ,Sendai,1082159
千葉県,千葉市,Chiba ,Chiba,971882
福岡県,北九州市,Fukuoka ,Kitakyushu,961286
東京都,世田谷区,Tokyo,Setagaya,903346
大阪府,堺市,Osaka ,Sakai,839310
新潟県,新潟市,Niigata ,Niigata,810157
静岡県,浜松市,Shizuoka ,Hamamatsu,797980
熊本県,熊本市,Kumamoto ,Kumamoto-shi,740822
東京都,練馬区,Tokyo,Nerima-ku,721722
神奈川県,相模原市,Kanagawa ,Sagamihara,720780
岡山県,岡山市,Okayama ,Okayama,719474
東京都,大田区,Tokyo,Ota-ku,717082
静岡県,静岡市,Shizuoka ,Shizuoka,704989
東京都,江戸川区,Tokyo,Edogawa-ku,681298
東京都,足立区,Tokyo,Adachi-ku,670122
千葉県,船橋市,Chiba ,Funabashi,622890
鹿児島県,鹿児島市,Kagoshima ,Kagoshima-shi,599814
埼玉県,川口市,Saitama,Kawaguchi,578112
東京都,八王子市,Tokyo,Hachioji,577513
東京都,杉並区,Tokyo,Suginami,563997
東京都,板橋区,Tokyo,Itabashi ku,561916
兵庫県,姫路市,Hyogo ,Himeji,535664
栃木県,宇都宮市,Tochigi ,Utsunomiya,518594
愛媛県,松山市,Ehime ,Matsuyama,514865
大阪府,東大阪市,Osaka ,Higashiosaka,502784
東京都,江東区,Tokyo,Koto-ku,498109
兵庫県,西宮市,Hyogo ,Nishinomiya,487850
千葉県,松戸市,Chiba ,Matsudo-shi,483480
千葉県,市川市,Chiba ,Ichigawa,481732
大分県,大分市,Oita ,Oita,478146
岡山県,倉敷市,Okayama ,Kurashiki,477118
石川県,金沢市,Ishikawa ,Kanazawa,465699
広島県,福山市,Hiroshima,Fukuyama,464811
兵庫県,尼崎市,Hyogo ,Amagasaki,452563
東京都,葛飾区,Tokyo,Katsushika,442913
東京都,町田市,Tokyo,Machida-shi,432348
長崎県,長崎市,Nagasaki ,Nagasaki,429508
神奈川県,藤沢市,Kanagawa ,Fujisawa,423894
愛知県,豊田市,Aichi,Toyota,422542
香川県,高松市,Kagawa ,Takamatsu,420748
富山県,富山市,Toyama ,Toyama,418666
千葉県,柏市,Chiba ,Kashiwa,413954
岐阜県,岐阜市,Gifu ,Gifu-shi,406735
神奈川県,横須賀市,Kanagawa ,Yokosuka,406586
大阪府,枚方市,Osaka ,Hirakata,404152
宮崎県,宮崎市,Miyazaki,Miyazaki,401138
大阪府,豊中市,Osaka ,Toyonaka,395479
東京都,品川区,Tokyo,Shinagawa,386855
愛知県,岡崎市,Aichi,Okazaki,381051
愛知県,一宮市,Aichi,Ichimiya,380868
長野県,長野市,Nagano ,Nagano,377598
愛知県,豊橋市,Aichi,Toyohashi,374765
大阪府,吹田市,Osaka ,Suita-shi,374468
群馬県,高崎市,Gunma ,Takasaki,370884
和歌山県,和歌山市,Wakayama ,Wakayama-shi,364154
奈良県,奈良市,Nara ,Nara,360310
大阪府,高槻市,Osaka ,Takatsuki,351829
埼玉県,川越市,Saitama,Kawagoe-shi,350745
福島県,いわき市,Fukushima ,Iwaki,350237
東京都,北区,Tokyo,Kita,341076
滋賀県,大津市,Shiga ,Otsu,340973
埼玉県,所沢市,Saitama,Tokorozawa,340386
北海道,旭川市,Hokkaido,Asahikawa,339605
埼玉県,越谷市,Saitama,Koshigaya,337498
高知県,高知市,Kochi ,Kochi,337190
群馬県,前橋市,Gunma ,Maebashi,336154
福島県,郡山市,Fukushima ,Koriyama,335444
東京都,新宿区,Tokyo,Shinjuku-ku,333560
東京都,中野区,Tokyo,Nakano,328215
沖縄県,那覇市,Okinawa ,Naha-shi,319435
秋田県,秋田市,Akita,Akita-shi,315814
三重県,四日市市,Mie ,Yokkaichi,311031
愛知県,春日井市,Aichi,Kasugai,306508
福岡県,久留米市,Fukuoka ,Kurume-shi,304552
岩手県,盛岡市,Iwate ,Morioka,297631
福島県,福島市,Fukushima ,Fukushima-shi,294247
兵庫県,明石市,Hyogo ,Akashi shi,293409
東京都,豊島区,Tokyo,Toshima-ku,291167
青森県,青森市,Aomori ,Aomori,287648
大阪府,茨木市,Osaka ,Ibaraki,280033
三重県,津市,Mie ,Tsu,279886
東京都,目黒区,Tokyo,Meguro,277622
新潟県,長岡市,Niigata ,Nagaoka,275133
千葉県,市原市,Chiba ,Ichihara,274656
茨城県,水戸市,Ibaraki ,Mito,270783
大阪府,八尾市,Osaka ,Yao,268800
山口県,下関市,Yamaguchi ,Shimonoseki,268517
兵庫県,加古川市,Hyogo ,Kakogawa,267435
北海道,函館市,Hokkaido,Hakodate-shi,265979
福井県,福井市,Fukui ,Fukui-shi,265904
東京都,府中市,Tokyo,Fuchu-shi,260274
徳島県,徳島市,Tokushima,Tokushima,258554
神奈川県,平塚市,Kanagawa ,Hiratsuka,258227
東京都,墨田区,Tokyo,Sumida-ku,256274
長崎県,佐世保市,Nagasaki ,Sasebo,255439
山形県,山形市,Yamagata ,Yamagata,253832
静岡県,富士市,Shizuoka ,Fuji,248399
埼玉県,草加市,Saitama,Soka,247034
長野県,松本市,Nagano ,Matsumoto,243293
東京都,港区,Tokyo,Minato-ku,243283
神奈川県,茅ヶ崎市,Kanagawa ,Chigasaki,239348
大阪府,寝屋川市,Osaka ,Neyagawa-shi,237518
佐賀県,佐賀市,Saga ,Saga,236372
神奈川県,大和市,Kanagawa ,Yamatoichi,232922
埼玉県,春日部市,Saitama,Kasukabe,232709
青森県,八戸市,Aomori ,Hachinohe,231257
東京都,調布市,Tokyo,Chofu,229061
広島県,呉市,Hiroshima,Kure,228522
茨城県,つくば市,Ibaraki ,Tsukuba,226963
神奈川県,厚木市,Kanagawa ,Atsugi,225714
埼玉県,上尾市,Saitama,Ageo,225196
兵庫県,宝塚市,Hyogo ,Takarazuka,224903
東京都,渋谷区,Tokyo,Shibuya-ku,224533
群馬県,太田市,Gunma ,Ota-shi,219807
東京都,文京区,Tokyo,Bunkyo ku,219724
東京都,荒川区,Tokyo,Arakawa,212264
群馬県,伊勢崎市,Gunma ,Isezaki,208814
島根県,松江市,Shimane ,Matsue,206230
東京都,西東京市,Tokyo,Nishitokyo,200012
埼玉県,熊谷市,Saitama,Kumagaya-shi,198742
東京都,台東区,Tokyo,Taito,198073
山口県,山口市,Yamaguchi ,Yamaguchi,197422
新潟県,上越市,Niigata ,Joetsu,196987
兵庫県,伊丹市,Hyogo ,Itami-shi,196883
三重県,鈴鹿市,Mie ,Suzuka,196403
静岡県,沼津市,Shizuoka ,Numazu,195633
大阪府,岸和田市,Osaka ,Kishiwada,194086
神奈川県,小田原市,Kanagawa ,Odawara,194086
鳥取県,鳥取市,Tottori ,Tottori,193717
千葉県,八千代市,Chiba ,Yachiyo,193152
山梨県,甲府市,Yamanashi ,Kofu,193125
広島県,東広島市,Hiroshima,Higashi Hiroshima,192907
東京都,小平市,Tokyo,Kodaira,190005
東京都,三鷹市,Tokyo,Mitaka,186936
東京都,日野市,Tokyo,Hino,186283
大阪府,和泉市,Osaka ,Izumi,186109
茨城県,日立市,Ibaraki ,Hitachi,185054
京都府,宇治市,Kyoto,Uji,184678
愛知県,安城市,Aichi,Anjo-shi,184140
愛知県,豊川市,Aichi,Toyokawa,182436
青森県,弘前市,Aomori ,Hirosaki,177411
東京都,立川市,Tokyo,Tachikawa,176295
北海道,釧路市,Hokkaido,Kushiro,174742
千葉県,流山市,Chiba ,Nagareyama,174373
神奈川県,鎌倉市,Kanagawa ,Kamakura,173019
千葉県,佐倉市,Chiba ,Sakura,172739
北海道,苫小牧市,Hokkaido,Tomakomai,172737
富山県,高岡市,Toyama ,Takaoka,172125
島根県,出雲市,Shimane ,Izumo,171938
山口県,宇部市,Yamaguchi ,Ube,169429
北海道,帯広市,Hokkaido,Obihiro,169327
愛知県,西尾市,Aichi,Nishio,167990
千葉県,習志野市,Chiba ,Narashino-shi,167909
神奈川県,秦野市,Kanagawa ,Hatano,167378
静岡県,磐田市,Shizuoka ,Iwata-shi,167210
栃木県,小山市,Tochigi ,Oyama,166760
宮崎県,都城市,Miyazaki,Utsukushi,165029
千葉県,浦安市,Chiba ,Urayasu,164024
三重県,松阪市,Mie ,Matsusaka,163863
埼玉県,新座市,Saitama,Niiza,162122
岐阜県,大垣市,Gifu ,Ogaki,159879
栃木県,栃木市,Tochigi ,Tochigi,159211
愛媛県,今治市,Ehime ,Imabari,158114
長野県,上田市,Nagano ,Ueda,156827
兵庫県,川西市,Hyogo ,Kawanishi,156375
茨城県,ひたちなか市,Ibaraki ,Hitachinaka,155689
千葉県,野田市,Chiba ,Noda-shi,153583
埼玉県,狭山市,Saitama,Sayama,152405
埼玉県,久喜市,Saitama,Kuki,152311
東京都,東村山市,Tokyo,Higashimurayama,149956
愛知県,刈谷市,Aichi,Kariya,149765
愛知県,小牧市,Aichi,Komaki,149462
栃木県,足利市,Tochigi ,Ashikaga,149452
鳥取県,米子市,Tottori ,Yonago,149313
埼玉県,入間市,Saitama,Iruma-shi,148390
宮城県,石巻市,Miyagi ,Ishinomaki,147214
東京都,多摩市,Tokyo,Tama,146631
山口県,周南市,Yamaguchi ,Shunan,144842
東京都,武蔵野市,Tokyo,Musashino,144730
岐阜県,各務原市,Gifu ,Kakamigahara,144690
埼玉県,深谷市,Saitama,Fukaya,143811
静岡県,藤枝市,Shizuoka ,Fujieda,143605
大阪府,守口市,Osaka ,Moriguchi-shi,143042
東京都,中央区,Tokyo,Chuo-ku,141183
茨城県,古河市,Ibaraki ,Koga-shi,140946
茨城県,土浦市,Ibaraki ,Tsuchiura,140804
三重県,桑名市,Mie ,Kuwana,140303
静岡県,焼津市,Shizuoka ,Yaizu,139462
沖縄県,沖縄市,Okinawa ,Okinawa,139279
広島県,尾道市,Hiroshima,Onomichi,138626
長崎県,諫早市,Nagasaki ,Isahaya,138078
東京都,青梅市,Tokyo,Oume,139232
滋賀県,草津市,Shiga ,Kusatsu,137247
愛知県,稲沢市,Aichi,Inazawa,136867
山口県,岩国市,Yamaguchi ,Iwakuni-shi,136757
埼玉県,三郷市,Saitama,Misato,136521
埼玉県,朝霞市,Saitama,Asaka,136299
埼玉県,戸田市,Saitama,Toda-shi,136150
千葉県,木更津市,Chiba ,Kisarazu,134141
大阪府,箕面市,Osaka ,Minoh-shi,133411
宮城県,大崎市,Miyagi ,Osaki,133391
千葉県,我孫子市,Chiba ,Abiko,131606
千葉県,成田市,Chiba ,Narita,131190
静岡県,富士宮市,Shizuoka ,Fujinomiya,130770
神奈川県,海老名市,Kanagawa ,Ebina,130190
山形県,鶴岡市,Yamagata ,Tsuruoka,129652
福岡県,飯塚市,Fukuoka ,Iizuka,129146
愛知県,瀬戸市,Aichi,Seto,129046
神奈川県,座間市,Kanagawa ,Zama,128737
三重県,伊勢市,Mie ,Ise-shi,127817
熊本県,八代市,Kumamoto ,Yatsushiro,127472
鹿児島県,霧島市,Kagoshima ,Kirishima-shi,125857
宮崎県,延岡市,Miyazaki,Nobeoka,125159
奈良県,橿原市,Nara ,Kashihara,124111
福島県,会津若松市,Fukushima ,Aizuwakamatsu,124062
大阪府,門真市,Osaka ,Kadoma-shi,123576
大阪府,大東市,Osaka ,Daito,123217
佐賀県,唐津市,Saga ,Karatsu,122785
東京都,国分寺市,Tokyo,Kokubunji,122742
大分県,別府市,Oita ,Beppu,122138
北海道,小樽市,Hokkaido,Otaru,121924
岩手県,一関市,Iwate ,Ichinoseki,121583
東京都,小金井市,Tokyo,Koganei-shi,121396
北海道,北見市,Hokkaido,Kitami,121226
大阪府,松原市,Osaka ,Matsubara,120750
北海道,江別市,Hokkaido,Ebetsu,120636
愛媛県,新居浜市,Ehime ,Niihama-shi,119903
岩手県,奥州市,Iwate ,Oshu-shi,119422
栃木県,佐野市,Tochigi ,Sano,118919
沖縄県,うるま市,Okinawa ,Uruma,118898
奈良県,生駒市,Nara ,Ikoma-shi,118233
滋賀県,長浜市,Shiga ,Nagahama,118193
埼玉県,鴻巣市,Saitama,Konosu,118072
福岡県,大牟田市,Fukuoka ,Omuta,117360
栃木県,那須塩原市,Tochigi ,Nasushiobara,117146
愛知県,半田市,Aichi,Handa,116908
東京都,東久留米市,Tokyo,Higokurume,116632
山口県,防府市,Yamaguchi ,Hofu,115942
広島県,廿日市市,Hiroshima,Hatsukaichi,114906
群馬県,桐生市,Gunma ,Kiryu,114714
静岡県,掛川市,Shizuoka ,Kakegawa,114602
沖縄県,浦添市,Okinawa ,Urasoe,114232
滋賀県,東近江市,Shiga ,Higashiomi,114180
大阪府,富田林市,Osaka ,Tondabayashi,113984
滋賀県,彦根市,Shiga ,Hikone,113679
兵庫県,三田市,Hyogo ,Mita,112691
大阪府,羽曳野市,Osaka ,Habikino,112683
埼玉県,加須市,Saitama,Kazo,112229
愛知県,東海市,Aichi,Tokai,111944
東京都,昭島市,Tokyo,Akishima-shi,111539
埼玉県,ふじみ野市,Saitama,Fujimino,110970
福岡県,春日市,Fukuoka ,Kasuga,110743
岐阜県,多治見市,Gifu ,Tajimi,110441
静岡県,三島市,Shizuoka ,Mishima,110046
香川県,丸亀市,Kagawa ,Marugame,110010
石川県,白山市,Ishikawa ,Hakusan,109287
千葉県,鎌ケ谷市,Chiba ,Kamagaya-shi,108917
愛媛県,西条市,Ehime ,Saijo,108174
埼玉県,富士見市,Saitama,Fujimi,108102
大阪府,河内長野市,Osaka ,Kawachinagano-shi,106987
石川県,小松市,Ishikawa ,Komatsu,106919
茨城県,取手市,Ibaraki ,Toride,106570
山形県,酒田市,Yamagata ,Sakata,106244
茨城県,筑西市,Ibaraki ,Chikusei-shi,104573
岡山県,津山市,Okayama ,Tsuyama,103746
鹿児島県,鹿屋市,Kagoshima ,Kanoya,103608
大阪府,池田市,Osaka ,Ikeda-shi,103069
埼玉県,坂戸市,Saitama,Sakado-shi,101679
長野県,飯田市,Nagano ,Iida-shi,101581
神奈川県,伊勢原市,Kanagawa ,Isehara-shi,101514
福岡県,筑紫野市,Fukuoka ,Chikushino,101081
大阪府,泉佐野市,Osaka ,Izumisano,100966
福岡県,大野城市,Fukuoka ,Onojo,99525
長野県,佐久市,Nagano ,Saku,99368
新潟県,三条市,Niigata ,Sanjo,99192
岐阜県,可児市,Gifu ,Kani-shi,98695
新潟県,新発田市,Niigata ,Shibata,98611
栃木県,鹿沼市,Tochigi ,Kanuma,98374
愛知県,江南市,Aichi,Gangnam-cho,98359
静岡県,島田市,Shizuoka ,Shimada-shi,98112
岩手県,花巻市,Iwate ,Hanamaki,97702
福岡県,宗像市,Fukuoka ,Munakata,96516
福岡県,糸島市,Fukuoka ,Itoshima,96475
沖縄県,宜野湾市,Okinawa ,Ginowan,96243
広島県,三原市,Hiroshima,Mihara,96194
鹿児島県,薩摩川内市,Kagoshima ,Satsuma Kawauchi,96076
北海道,千歳市,Hokkaido,Chitose,95648
兵庫県,芦屋市,Hyogo ,Ashiya-shi,95350
長野県,安曇野市,Nagano ,Azumino,95282
茨城県,神栖市,Ibaraki ,Kamisu,94522
岩手県,北上市,Iwate ,Kitakami,93511
長崎県,大村市,Nagasaki ,Omura,92757
千葉県,印西市,Chiba ,Inzai,92670
富山県,射水市,Toyama ,Imizu,92308
秋田県,横手市,Akita,Yokote,92197
埼玉県,東松山市,Saitama,Higashimatsuyama,91437
兵庫県,高砂市,Hyogo ,Takasago,91030
滋賀県,甲賀市,Shiga ,Koga,90901
三重県,伊賀市,Mie ,Iga,90581
福井県,坂井市,Fukui ,Sakai,90280
千葉県,茂原市,Chiba ,Mobara,89688
京都府,亀岡市,Kyoto,Kameoka,89479
千葉県,四街道市,Chiba ,Yotsukaido-shi,89245
岐阜県,高山市,Gifu ,Takayama,89182
愛知県,大府市,Aichi,Ouu-shi,89157
岐阜県,関市,Gifu ,Seki,89153
大阪府,貝塚市,Osaka ,Kaizuka,88694
北海道,室蘭市,Hokkaido,Muroran,88564
静岡県,御殿場市,Shizuoka ,Gotemba,88078
愛知県,日進市,Aichi,Nichin-shi,87977
東京都,稲城市,Tokyo,Inagi-shi,87636
愛媛県,四国中央市,Ehime ,Shikoku,87413
奈良県,大和郡山市,Nara ,Yamatokoriyama,87050
愛知県,あま市,Aichi,Asama,86898
新潟県,柏崎市,Niigata ,Kashiwazaki,86833
埼玉県,八潮市,Saitama,Yashio,86717
千葉県,君津市,Chiba ,Kimitsu,86033
山形県,米沢市,Yamagata ,Yonezawa,85953
静岡県,袋井市,Shizuoka ,Fukuroi,85789
東京都,東大和市,Tokyo,Higashiyamasa,85157
大阪府,摂津市,Osaka ,Settsu,85007
愛知県,知多市,Aichi,Chita-shi,84617
北海道,岩見沢市,Hokkaido,Iwamizawa-shi,84499
神奈川県,綾瀬市,Kanagawa ,Ayase,84460
茨城県,牛久市,Ibaraki ,Ushiku,84317
愛知県,北名古屋市,Aichi,Kitanagoya,84133
京都府,舞鶴市,Kyoto,Maizuru,83990
大分県,中津市,Oita ,Nakatsu,83965
栃木県,日光市,Tochigi ,Nikko,83386
秋田県,大仙市,Akita,Daisen,82783
熊本県,天草市,Kumamoto ,Amakusa,82739
兵庫県,豊岡市,Hyogo ,Toyooka,82250
埼玉県,行田市,Saitama,Gyoda,82113
宮城県,登米市,Miyagi ,Tome,81959
福井県,越前市,Fukui ,Echizen,81524
滋賀県,近江八幡市,Shiga ,Omihachiman,81312
愛知県,蒲郡市,Aichi,Gamagori-shi,81100
東京都,あきる野市,Tokyo,Akiruno,80954
埼玉県,和光市,Saitama,Wako,80826
愛知県,尾張旭市,Aichi,Owariasahi,80787
埼玉県,飯能市,Saitama,Hanno,80715
東京都,狛江市,Tokyo,Komae,80249
京都府,長岡京市,Kyoto,Nagaokakyo,80090
秋田県,由利本荘市,Akita,Yurihonjo,79927
滋賀県,守山市,Shiga ,Moriyama,79859
新潟県,燕市,Niigata ,Tsubame,79784
栃木県,真岡市,Tochigi ,Moka,79539
京都府,福知山市,Kyoto,Fukuchiyama,78935
岐阜県,中津川市,Gifu ,Nakatsugawa,78883
三重県,名張市,Mie ,Nabari,78795
群馬県,渋川市,Gunma ,Shibukawa,78391
茨城県,龍ケ崎市,Ibaraki ,Ryukezaki,78342
埼玉県,本庄市,Saitama,Honjo,77881
奈良県,香芝市,Nara ,Koshi-shi,77561
千葉県,香取市,Chiba ,Katori,77499
愛媛県,宇和島市,Ehime ,Uwajima,77465
福島県,須賀川市,Fukushima ,Sukagawa-shi,77441
兵庫県,たつの市,Hyogo ,Tatsuno,77419
兵庫県,三木市,Hyogo ,Miki,77178
京都府,城陽市,Kyoto,Joyang,76869
茨城県,笠間市,Ibaraki ,Kasama-shi,76739
宮城県,名取市,Miyagi ,Natori,76668
群馬県,館林市,Gunma ,Tatebayashi,76667
大阪府,交野市,Osaka ,Katano,76435
茨城県,石岡市,Ibaraki ,Ishioka,76020
大阪府,泉大津市,Osaka ,Izumiotsu,75897
栃木県,大田原市,Tochigi ,Otawara,75457
鹿児島県,姶良市,Kagoshima ,Aira,75173
東京都,清瀬市,Tokyo,Kiyose,74864
和歌山県,田辺市,Wakayama ,Tanabe,74770
山梨県,甲斐市,Yamanashi ,KA-shi,74386
愛知県,犬山市,Aichi,Inuyama,74308
秋田県,大館市,Akita,Odate,74175
埼玉県,桶川市,Saitama,Okagawa-shi,73936
東京都,国立市,Tokyo,Kunitachi,73655
徳島県,阿南市,Tokushima,Anan-shi,73019
佐賀県,鳥栖市,Saga ,Tosu,72902
京都府,木津川市,Kyoto,Kizukawa-shi,72840
埼玉県,志木市,Saitama,Shiki,72676
京都府,八幡市,Kyoto,Yawata,72664
埼玉県,蕨市,Saitama,Warabi,72260
大分県,佐伯市,Oita ,Saiki,72211
福岡県,太宰府市,Fukuoka ,Dazaifu,72168
愛知県,碧南市,Aichi,Hekinan,71346
東京都,武蔵村山市,Tokyo,Musashimurayama-shi,71229
大阪府,柏原市,Osaka ,Kashiwara-shi,71112
京都府,京田辺市,Kyoto,Kyotanabe,70835
山梨県,南アルプス市,Yamanashi ,Minami-arupusu,70828
千葉県,八街市,Chiba ,Yachimi-shi,70734
福岡県,行橋市,Fukuoka ,Yukuhashi,70586
愛知県,知立市,Aichi,Chiryu,70501
埼玉県,鶴ヶ島市,Saitama,Tsurugashima-shi,70255
宮城県,栗原市,Miyagi ,Kurihara,69906
埼玉県,吉川市,Saitama,Yoshikawa,69738
北海道,恵庭市,Hokkaido,Eniwa,69702
山梨県,笛吹市,Yamanashi ,Fuefuki,69559
愛知県,豊明市,Aichi,Toyoake,69127
静岡県,伊東市,Shizuoka ,Ito-shi,68345
福井県,鯖江市,Fukui ,Sabae,68284
長野県,伊那市,Nagano ,Ina-shi,68271
茨城県,鹿嶋市,Ibaraki ,Kashima,67879
福岡県,柳川市,Fukuoka ,Yanagawa-shi,67777
埼玉県,北本市,Saitama,Kitamoto,67409
奈良県,天理市,Nara ,Tenri shi,67398
岐阜県,羽島市,Gifu ,Hashima-shi,67377
愛知県,清須市,Aichi,Kiyosu,67327
石川県,加賀市,Ishikawa ,Kaga,67186
長野県,塩尻市,Nagano ,Shiojiri,67135
岡山県,総社市,Okayama ,Soja,66855
熊本県,玉名市,Kumamoto ,Tamana-shi,66782
滋賀県,栗東市,Shiga ,Rito,66749
千葉県,旭市,Chiba ,Asahi,66586
大分県,日田市,Oita ,Hita,66523
福井県,敦賀市,Fukui ,Tsuruga,66165
群馬県,藤岡市,Gunma ,Fujioka,65708
香川県,三豊市,Kagawa ,Mifune,65524
大阪府,藤井寺市,Osaka ,Fujiiji,65438
宮城県,気仙沼市,Miyagi ,Kesennuma,64988
奈良県,大和高田市,Nara ,Yamato Takada,64817
茨城県,守谷市,Ibaraki ,Moriya,64753
兵庫県,丹波市,Hyogo ,Tamba,64660
千葉県,銚子市,Chiba ,Choshi,64415
福岡県,八女市,Fukuoka ,Yame,64408
和歌山県,橋本市,Wakayama ,Hashimoto,63621
埼玉県,秩父市,Saitama,Chichibu,63555
愛知県,津島市,Aichi,Tsushima-shi,63431
青森県,十和田市,Aomori ,Towada-shi,63429
愛知県,愛西市,Aichi,AISI-SHI,63880
山口県,山陽小野田市,Yamaguchi ,Sanyo Onoda-shi,62671
和歌山県,紀の川市,Wakayama ,Kinokawa,62616
新潟県,村上市,Niigata ,Murakami,62442
大阪府,泉南市,Osaka ,Sennan-shi,62438
福島県,伊達市,Fukushima ,Date,62400
埼玉県,蓮田市,Saitama,Hasuda-shi,62380
愛知県,田原市,Aichi,Tahara,62364
山形県,天童市,Yamagata ,Tendo,62194
宮城県,多賀城市,Miyagi ,Tagajo-shi,62096
福島県,白河市,Fukushima ,Shirakawa,61913
愛知県,みよし市,Aichi,Miyoshi-shi,61810
宮崎県,日向市,Miyazaki,Hyuga-shi,61761
千葉県,白井市,Chiba ,Shirai,61674
沖縄県,名護市,Okinawa ,Nago,61674
茨城県,常総市,Ibaraki ,Joso,61483
沖縄県,豊見城市,Okinawa ,Tomigusuku-shi,61119
千葉県,袖ケ浦市,Chiba ,Sodegaura,60952
岡山県,玉野市,Okayama ,Tamano-shi,60736
千葉県,東金市,Chiba ,Togane,60652
長野県,千曲市,Nagano ,Chikuma-shi,60298
静岡県,湖西市,Shizuoka ,Kosai,59789
熊本県,宇城市,Kumamoto ,Uki,59756
栃木県,下野市,Tochigi ,Shimotsu,59431
香川県,観音寺市,Kagawa ,Kanonji-shi,59409
徳島県,鳴門市,Tokushima,Naruto,59101
北海道,北広島市,Hokkaido,Kitahiroshima,59064
福岡県,福津市,Fukuoka ,Fukutsu,58781
新潟県,南魚沼市,Niigata ,Minamiuonuma,58568
沖縄県,糸満市,Okinawa ,Itoumi,58547
群馬県,安中市,Gunma ,Annaka,58531
青森県,むつ市,Aomori ,Mutsu,58493
東京都,千代田区,Tokyo,Chiyoda-ku,58406
東京都,福生市,Tokyo,Fuuki,58395
熊本県,合志市,Kumamoto ,Koshi-shi,58370
福島県,二本松市,Fukushima ,Nipponmatsu,58162
島根県,浜田市,Shimane ,Hamada-shi,58105
福岡県,小郡市,Fukuoka ,Ogura-city,57983
福岡県,古賀市,Fukuoka ,Koga,57959
岐阜県,土岐市,Gifu ,Toki,57827
福島県,南相馬市,Fukushima ,Minamisoma,57797
大阪府,大阪狭山市,Osaka ,Osaka Sayama,57792
愛知県,長久手市,Aichi,Nagakute,57598
北海道,石狩市,Hokkaido,Ishikari,57436
神奈川県,逗子市,Kanagawa ,Zushi,57425
新潟県,佐渡市,Niigata ,Sado,57255
奈良県,桜井市,Nara ,Sakurai,57244
福岡県,直方市,Fukuoka ,Nagata,57146
岩手県,宮古市,Iwate ,Miyako,56676
愛知県,常滑市,Aichi,Tokoname-shi,56547
大阪府,高石市,Osaka ,Takaishi,56529
埼玉県,日高市,Saitama,Hidaka,56520
大分県,宇佐市,Oita ,Usa,56258
大阪府,四條畷市,Osaka ,Shijonawate,56075
長野県,茅野市,Nagano ,Chino,55912
東京都,羽村市,Tokyo,Hamura-shi,55833
山口県,下松市,Yamaguchi ,Kudamatsu,55812
岩手県,滝沢市,Iwate ,Takizawa-shi,55463
岐阜県,美濃加茂市,Gifu ,Minokamo,55384
石川県,七尾市,Ishikawa ,Nanao,55325
佐賀県,伊万里市,Saga ,Imari,55238
青森県,五所川原市,Aomori ,Goshogawara,55181
石川県,野々市市,Ishikawa ,Nonoichi,55099
京都府,京丹後市,Kyoto,Kyotango-shi,55054
新潟県,十日町市,Niigata ,Tokamachi-shi,54917
埼玉県,羽生市,Saitama,Hanyu,54874
秋田県,能代市,Akita,Noshiro,54730
岐阜県,瑞穂市,Gifu ,Mizuho,54354
滋賀県,湖南市,Shiga ,Hunan,54289
茨城県,那珂市,Ibaraki ,Naka,54276
大阪府,阪南市,Osaka ,Hannan-shi,54276
宮城県,塩竈市,Miyagi ,Shioga,54187
宮崎県,日南市,Miyazaki,Nichinan,54090
茨城県,坂東市,Ibaraki ,Bando,54087
鹿児島県,出水市,Kagoshima ,Izumi,53758
広島県,三次市,Hiroshima,Miyoshi,53615
和歌山県,岩出市,Wakayama ,Iwade,53452
熊本県,荒尾市,Kumamoto ,Arao-shi,53407
京都府,向日市,Kyoto,Tomaruka,53380
香川県,坂出市,Kagawa ,Sakaide,53164
静岡県,裾野市,Shizuoka ,Susono,52737
埼玉県,幸手市,Saitama,Satte,52524
福岡県,朝倉市,Fukuoka ,Asakura,52444
茨城県,常陸太田市,Ibaraki ,Hitachiota-shi,52294
熊本県,山鹿市,Kumamoto ,Yamaga,52264
千葉県,山武市,Chiba ,Sanmu-shi,52222
和歌山県,海南市,Wakayama ,Hainan,51860
茨城県,結城市,Ibaraki ,Yuuki,51594
宮城県,富谷市,Miyagi ,Tomiya,51591
埼玉県,白岡市,Saitama,Shiraoka,51535
新潟県,五泉市,Niigata ,Gosen,51404
山口県,光市,Yamaguchi ,Hikari,51369
富山県,南砺市,Toyama ,Nanto,51327
沖縄県,宮古島市,Okinawa ,Miyakojima,51186
岐阜県,恵那市,Gifu ,Ena,51073
茨城県,小美玉市,Ibaraki ,Komiyama,50911
群馬県,みどり市,Gunma ,Midori-shi,50906
長野県,須坂市,Nagano ,Suzaka,50725
岡山県,笠岡市,Okayama ,Kasaoka,50568
三重県,志摩市,Mie ,Shima,50341
香川県,さぬき市,Kagawa ,Sanuki,50272
三重県,亀山市,Mie ,Kameyama-shi,50254
長野県,諏訪市,Nagano ,Suwa-shi,50140
長野県,岡谷市,Nagano ,Okaya-shi,50128
滋賀県,高島市,Shiga ,Takashima,50025
滋賀県,野洲市,Shiga ,Yasu,49889
群馬県,富岡市,Gunma ,Tomioka,49746
千葉県,富里市,Chiba ,Tomisato,49636
北海道,登別市,Hokkaido,Noboribetsu,49625
山口県,萩市,Yamaguchi ,Hagi-shi,49560
福島県,喜多方市,Fukushima ,Kitakata,49377
鹿児島県,日置市,Kagoshima ,Hioki,49249
千葉県,大網白里市,Chiba ,Oimi Shirasato,49184
茨城県,つくばみらい市,Ibaraki ,Tsukuba Mirai,49136
佐賀県,武雄市,Saga ,Takeo,49062
鳥取県,倉吉市,Tottori ,Kurayoshi,49044
山梨県,富士吉田市,Yamanashi ,Fujiyoshida-shi,49003
富山県,砺波市,Toyama ,Tonami,49000
石川県,能美市,Ishikawa ,Nomi,48881
群馬県,沼田市,Gunma ,Numata,48676
兵庫県,小野市,Hyogo ,Ono,48580
兵庫県,赤穂市,Hyogo ,Ako,48567
福岡県,田川市,Fukuoka ,Tagawa-shi,48441
福岡県,筑後市,Fukuoka ,Chikugo,48339
熊本県,菊池市,Kumamoto ,Kikuchi,48167
静岡県,伊豆の国市,Shizuoka ,Izunokuni,48152
茨城県,鉾田市,Ibaraki ,Hokota,48147
富山県,氷見市,Toyama ,Himi-shi,47992
高知県,南国市,Kochi ,Nankoku,47982
山形県,東根市,Yamagata ,Higashine,47768
島根県,益田市,Shimane ,Masuda,47718
沖縄県,石垣市,Okinawa ,Ishigaki,47564
愛知県,岩倉市,Aichi,Iwakura,47562
千葉県,館山市,Chiba ,Tateyama-shi,47464
愛知県,新城市,Aichi,Shinshiro,47133
兵庫県,南あわじ市,Hyogo ,Minami-Awaji,46912
静岡県,菊川市,Shizuoka ,Kikukawa,46763
秋田県,湯沢市,Akita,Yuzawa,46613
長崎県,南島原市,Nagasaki ,Minamishimabara,46535
北海道,北斗市,Hokkaido,Hokuto,46390
愛知県,高浜市,Aichi,Takahama,46236
宮崎県,小林市,Miyazaki,Kobayashi,46221
岡山県,真庭市,Okayama ,Maniwa,46124
三重県,いなべ市,Mie ,Inabe,45815
千葉県,富津市,Chiba ,Futtsu,45601
静岡県,牧之原市,Shizuoka ,Makinohara,45547
長崎県,島原市,Nagasaki ,Shimabara,45436
神奈川県,三浦市,Kanagawa ,Miura,45289
山梨県,北杜市,Yamanashi ,Hokuto,45111
栃木県,さくら市,Tochigi ,Sakura,44901
宮城県,岩沼市,Miyagi ,Iwanuma,44678
茨城県,北茨城市,Ibaraki ,Kitaibaraki,44412
兵庫県,加西市,Hyogo ,Kasai,44313
佐賀県,小城市,Saga ,Ogi-shi,44259
兵庫県,洲本市,Hyogo ,Sumoto,44258
新潟県,糸魚川市,Niigata ,Itoigawa-shi,44162
長崎県,雲仙市,Nagasaki ,Unzen,44115
愛媛県,大洲市,Ehime ,Ozu,44086
兵庫県,淡路市,Hyogo ,Awaji-shi,43977
長野県,中野市,Nagano ,Nakano-shi,43909
新潟県,阿賀野市,Niigata ,Agano,43415
神奈川県,南足柄市,Kanagawa ,Minamiashigara,43306
茨城県,下妻市,Ibaraki ,Shimousare,43293
愛知県,弥富市,Aichi,Yatomi,43269
岡山県,赤磐市,Okayama ,Akaiwa,43214
鹿児島県,奄美市,Kagoshima ,Amami,43156
富山県,魚津市,Toyama ,Uozu,42935
茨城県,稲敷市,Ibaraki ,Inagaki,42810
茨城県,桜川市,Ibaraki ,Sakuragawa-shi,42632
茨城県,常陸大宮市,Ibaraki ,Hitoshi Omiya,42587
長野県,小諸市,Nagano ,Komoro,42512
茨城県,かすみがうら市,Ibaraki ,Kasumigaura,42147
岐阜県,郡上市,Gifu ,Gujo,42090
沖縄県,南城市,Okinawa ,Nanjo,42016
鹿児島県,指宿市,Kagoshima ,Ibusuki,41831
福岡県,中間市,Fukuoka ,Middle market,41796
兵庫県,篠山市,Hyogo ,Shinoyama,41490
徳島県,吉野川市,Tokushima,Yoshinogawa,41466
岡山県,井原市,Okayama ,Ibara-shi,41390
山形県,寒河江市,Yamagata ,Sagae,41256
北海道,滝川市,Hokkaido,Takikawa-shi,41192
富山県,黒部市,Toyama ,Kurobe,40991
兵庫県,西脇市,Hyogo ,Nishiwaki,40866
新潟県,見附市,Niigata ,Mitsuke,40608
兵庫県,加東市,Hyogo ,Kato-shi,40310
青森県,三沢市,Aomori ,Misawa,40196
広島県,府中市,Hiroshima,Fuchu-shi,40069
島根県,安来市,Shimane ,Yasugi,39528
宮城県,東松島市,Miyagi ,Higashimatsushima,39503
北海道,網走市,Hokkaido,Abashiri,39077
千葉県,南房総市,Chiba ,Minamiboso,39033
島根県,雲南市,Shimane ,Yunnan,39032
愛媛県,西予市,Ehime ,Nishiichi,38919
徳島県,小松島市,Tokushima,Komatsushima,38755
大分県,臼杵市,Oita ,Usuki,38748
福岡県,嘉麻市,Fukuoka ,Koma,38743
岐阜県,瑞浪市,Gifu ,Mizunami,38730
滋賀県,米原市,Shiga ,Mihara,38719
千葉県,いすみ市,Chiba ,Isumi,38594
福島県,相馬市,Fukushima ,Soma,38556
福島県,田村市,Fukushima ,Tamura,38503
福岡県,みやま市,Fukuoka ,Miyama,38139
岩手県,大船渡市,Iwate ,Ofunato,38058
兵庫県,宍粟市,Hyogo ,Shiso,37773
静岡県,熱海市,Shizuoka ,Atami,37544
新潟県,魚沼市,Niigata ,Uonuma,37352
長崎県,五島市,Nagasaki ,Goto,37327
千葉県,匝瑳市,Chiba ,Sosa,37261
徳島県,阿波市,Tokushima,Awa-shi,37202
熊本県,宇土市,Kumamoto ,Uto,37026
広島県,庄原市,Hiroshima,Shobara-shi,37000
岡山県,瀬戸内市,Okayama ,Setouchi,36975
山形県,新庄市,Yamagata ,Shinjo,36894
愛媛県,伊予市,Ehime ,Iyo-shi,36827
岩手県,釜石市,Iwate ,Kamaishi,36802
奈良県,葛城市,Nara ,Katsuragi-shi,36635
大分県,豊後大野市,Oita ,Bungoono,36584
鹿児島県,曽於市,Kagoshima ,Soo,36557
新潟県,小千谷市,Niigata ,Ojiya,36498
北海道,稚内市,Hokkaido,Wakkanai,36380
鹿児島県,南九州市,Kagoshima ,Minami Kyushu,36352
岩手県,久慈市,Iwate ,Kuji,35642
山口県,長門市,Yamaguchi ,Nagato,35439
鹿児島県,南さつま市,Kagoshima ,Minami Satsuma,35439
宮城県,白石市,Miyagi ,Shiroishi,35272
岐阜県,海津市,Gifu ,Kaizu,35206
岡山県,備前市,Okayama ,Bizen,35179
島根県,大田市,Shimane ,Ota-shi,35166
山梨県,山梨市,Yamanashi ,Yamanashi,35141
北海道,伊達市,Hokkaido,Date,34995
愛媛県,八幡浜市,Ehime ,Yawatahama,34951
茨城県,行方市,Ibaraki ,Megao,34909
福岡県,大川市,Fukuoka ,Okawa-shi,34838
愛媛県,東温市,Ehime ,Tozen,34613
高知県,四万十市,Kochi ,Shimanto,34313
青森県,黒石市,Aomori ,Kuroishi,34284
大分県,由布市,Oita ,Yufu,34262
岡山県,浅口市,Okayama ,Asakuchi,34235
石川県,かほく市,Ishikawa ,Kahoku,34219
鳥取県,境港市,Tottori ,Sakaiminato,34174
岐阜県,本巣市,Gifu ,Motosu,33995
千葉県,鴨川市,Chiba ,Kamogawa,33932
熊本県,人吉市,Kumamoto ,Hitoyoshi,33880
京都府,綾部市,Kyoto,Ayabe,33821
岐阜県,下呂市,Gifu ,Gero,33585
栃木県,矢板市,Tochigi ,Yaita,33354
青森県,つがる市,Aomori ,Tsugaru,33316
秋田県,北秋田市,Akita,Hokuto Akita,33224
新潟県,妙高市,Niigata ,Myoko,33199
京都府,南丹市,Kyoto,Nantan,33145
福井県,大野市,Fukui ,Oono,33109
秋田県,潟上市,Akita,Katagami,33083
高知県,香南市,Kochi ,Konan,32961
山口県,柳井市,Yamaguchi ,Yanai,32945
香川県,善通寺市,Kagawa ,Zentsuji,32927
長野県,駒ヶ根市,Nagano ,Komagane-shi,32759
富山県,滑川市,Toyama ,Namerikawa,32755
静岡県,御前崎市,Shizuoka ,Omaezaki,32578
山形県,南陽市,Yamagata ,Nanyo,32285
青森県,平川市,Aomori ,Hirakawa,32106
岡山県,高梁市,Okayama ,Takahashi,32075
秋田県,鹿角市,Akita,Kazuno,32038
山梨県,都留市,Yamanashi ,Tsuru,32002
長崎県,平戸市,Nagasaki ,Hirado,31920
佐賀県,神埼市,Saga ,Kanzaki,31842
山梨県,甲州市,Yamanashi ,Koshu,31671
山形県,上山市,Yamagata ,Kamiyama,31569
鹿児島県,志布志市,Kagoshima ,Shibushi,31479
長崎県,対馬市,Nagasaki ,Tsushima,31457
静岡県,伊豆市,Shizuoka ,Izu-shi,31317
山梨県,中央市,Yamanashi ,Central,31124
奈良県,宇陀市,Nara ,Uba,31105
香川県,東かがわ市,Kagawa ,Higashikagawa,31311
奈良県,五條市,Nara ,Gogo,30997
福島県,本宮市,Fukushima ,Honma,30924
兵庫県,朝来市,Hyogo ,Asago,30805
宮崎県,西都市,Miyazaki,Saito,30683
山梨県,韮崎市,Yamanashi ,Nirasaki,30680
岡山県,新見市,Okayama ,Niimi,30658
徳島県,美馬市,Tokushima,Mima-shi,30501
富山県,小矢部市,Toyama ,Oyabe-shi,30399
新潟県,胎内市,Niigata ,Wessai,30198
大分県,杵築市,Oita ,Kitsuki-shi,30185
宮城県,角田市,Miyagi ,Kakuda,30180
兵庫県,相生市,Hyogo ,Aioi,30129
長野県,東御市,Nagano ,Tōgi,30107
佐賀県,鹿島市,Saga ,Kashima-shi,29684
福井県,小浜市,Fukui ,Obama,29670
茨城県,高萩市,Ibaraki ,Takahagi,29638
福岡県,うきは市,Fukuoka ,Ukiha-shi,29509
広島県,安芸高田市,Hiroshima,Aki Takada,29488
和歌山県,新宮市,Wakayama ,Shingu,29331
鹿児島県,いちき串木野市,Kagoshima ,Ichikikushikino-shi,29282
茨城県,潮来市,Ibaraki ,Itako-shi,29111
北海道,名寄市,Hokkaido,Nayoro,29048
福井県,あわら市,Fukui ,Awara-shi,28729
長崎県,西海市,Nagasaki ,Saikai,28691
大分県,国東市,Oita ,Kunisaki,28647
和歌山県,有田市,Wakayama ,Arita-shi,28470
秋田県,男鹿市,Akita,Oga-shi,28375
福岡県,宮若市,Fukuoka ,Miyawakaichi,28112
岩手県,遠野市,Iwate ,Tono-shi,28062
長野県,大町市,Nagano ,Omachi,28041
岡山県,美作市,Okayama ,Mimasaka,27977
広島県,大竹市,Hiroshima,Ootake,27865
新潟県,加茂市,Niigata ,Kamo shi,27852
山形県,長井市,Yamagata ,Nagai-shi,27757
岩手県,二戸市,Iwate ,Ninohe,27611
秋田県,仙北市,Akita,Semboku,27523
高知県,香美市,Kochi ,Kami-shi,27513
佐賀県,嬉野市,Saga ,Ureshino,27366
石川県,輪島市,Ishikawa ,Wajima,27216
岐阜県,山県市,Gifu ,Yamagata,27114
長崎県,壱岐市,Nagasaki ,Iki,27103
栃木県,那須烏山市,Tochigi ,Nasu Osan-shi,27047
高知県,土佐市,Kochi ,Tosa-shi,27038
熊本県,阿蘇市,Kumamoto ,Aso,27018
熊本県,上天草市,Kumamoto ,Uesakusa,27006
北海道,根室市,Hokkaido,Nemuro-shi,26917
奈良県,御所市,Nara ,Gosho-shi,26868
徳島県,三好市,Tokushima,Miyoshi,26836
鹿児島県,伊佐市,Kagoshima ,Isa-shi,26810
広島県,竹原市,Hiroshima,Takehara,26426
岩手県,八幡平市,Iwate ,Hachimantairi,26355
山口県,美祢市,Yamaguchi ,Misaki,26159
福岡県,豊前市,Fukuoka ,Buzen,25940
山梨県,大月市,Yamanashi ,Otsuki,25419
熊本県,水俣市,Kumamoto ,Minamata,25411
秋田県,にかほ市,Akita,Nakaho-shi,25324
山梨県,上野原市,Yamanashi ,Uenohara-shi,24805
和歌山県,御坊市,Wakayama ,Gobo,24801
岐阜県,飛騨市,Gifu ,Hida,24696
山形県,村山市,Yamagata ,Murayama,24684
島根県,江津市,Shimane ,Gotsu,24468
広島県,江田島市,Hiroshima,Etajima,24339
兵庫県,養父市,Hyogo ,Yabu,24288
福井県,勝山市,Fukui ,Katsuyama,24125
長崎県,松浦市,Nagasaki ,Matsuura,23309
北海道,紋別市,Hokkaido,Monbetsu,23109
北海道,美唄市,Hokkaido,Bibai,23035
北海道,富良野市,Hokkaido,Furano,22936
静岡県,下田市,Shizuoka ,Shimoda,22916
大分県,豊後高田市,Oita ,Bungotakada,22853
高知県,須崎市,Kochi ,Susaki,22606
大分県,竹田市,Oita ,Takeda-shi,22332
北海道,留萌市,Hokkaido,Rumoi,22221
鹿児島県,枕崎市,Kagoshima ,Makurazaki,22046
北海道,深川市,Hokkaido,Shenzhen,21909
石川県,羽咋市,Ishikawa ,Hakui,21729
長野県,飯山市,Nagano ,Iiyama-shi,21438
鹿児島県,阿久根市,Kagoshima ,Akune,21198
高知県,宿毛市,Kochi ,Sukumo,20907
岐阜県,美濃市,Gifu ,Mino,20760
北海道,士別市,Hokkaido,Sobetsu-shi,19914
岩手県,陸前高田市,Iwate ,Rikuzentakata,19758
佐賀県,多久市,Saga ,Taku,19749
宮崎県,えびの市,Miyazaki,Ebino,19538
三重県,鳥羽市,Mie ,Toba,19448
千葉県,勝浦市,Chiba ,Katsuura,19248
宮崎県,串間市,Miyazaki,Kushima-shi,18779
京都府,宮津市,Kyoto,Miyazu,18426
三重県,尾鷲市,Mie ,Owase,18009
大分県,津久見市,Oita ,Tsukumi,17969
北海道,砂川市,Hokkaido,Sunagawa-shi,17694
高知県,安芸市,Kochi ,Aki-shi,17577
三重県,熊野市,Mie ,Kumano-shi,17322
山形県,尾花沢市,Yamagata ,Ozawaza,16953
鹿児島県,西之表市,Kagoshima ,Nishinooma,15967
鹿児島県,垂水市,Kagoshima ,Tarumi,15520
北海道,芦別市,Hokkaido,Ashibetsu,14676
石川県,珠洲市,Ishikawa ,Suzu,14625
高知県,土佐清水市,Kochi ,Tosashimizu,13778
高知県,室戸市,Kochi ,Muroto,13524
北海道,赤平市,Hokkaido,Akabane,11105
北海道,三笠市,Hokkaido,Mikasa,9076
北海道,夕張市,Hokkaido,Yubari,8843
北海道,歌志内市,Hokkaido,Utashinaichi,3583